BOROUGH,SITE_NUMBER,AD,ED
1,10438,69,62
5,S0055,63,48
5,S0055,62,72
1,10577,66,91
3,11410,51,40
1,11587,75,7
1,M0175,69,89
1,10593,69,64
2,11737,80,93
1,M0215,70,66
1,M0082,71,71
1,11457,73,16
2,11759,82,93
1,10275,72,32
2,11757,82,68
2,11746,84,7
1,M0093,72,20
1,M0240,71,39
5,11780,62,1
3,B0326,50,17
4,Q0088,29,72
1,M0128,74,63
1,M0248,70,80
3,B0326,50,16
2,11737,80,25
1,M0078,73,30
3,11537,55,103
2,X0003,87,43
1,11592,65,40
4,Q0040,40,46
4,10206,27,80
1,M0156,74,44
1,11587,74,56
2,11754,82,96
1,M0002,74,43
1,M0300,71,81
4,Q0145,30,68
1,11587,75,6
2,X0203,85,76
1,10565,66,39
2,X0118,78,67
2,X0201,77,69
1,11457,73,20
1,11592,65,83
4,Q0012,32,79
1,11194,73,17
1,11457,73,21
2,11574,82,41
2,11599,81,80
1,10176,73,27
2,11758,82,101
3,11477,56,51
1,M0191,74,10
2,X0203,85,75
1,11529,67,23
4,Q0205,25,68
1,M0093,72,17
1,11481,75,67
1,M0018,73,76
1,M0083,73,24
1,11457,73,18
3,B0169,46,23
2,10212,82,114
1,10176,73,35
1,10527,75,68
2,X0132,83,30
3,11492,55,94
2,11114,77,74
1,10569,69,49
3,11410,51,53
2,10212,82,112
2,11574,82,42
3,B0386,44,48
2,X0157,79,86
1,M0065,66,92
2,11754,82,90
1,M0248,70,88
1,M0039,73,49
1,11287,66,43
3,B0304,46,48
5,11780,62,2
1,M0019,66,87
3,11433,54,45
2,11759,82,109
3,11515,51,51
1,M0326,69,32
2,11754,82,98
3,11591,57,45
4,11182,37,76
1,M0019,66,85
3,B0046,56,64
1,M0072,69,27
4,Q0184,37,77
3,11251,44,70
2,11754,82,91
1,11590,71,38
4,Q0147,34,37
2,11582,77,2
4,Q0282,27,11
2,X0213,79,81
5,10012,64,62
1,11399,66,65
1,11399,65,87
1,M0067,68,97
2,X0203,85,72
3,11251,44,69
2,X0203,85,77
1,M0254,72,33
1,M0191,74,16
2,X0035,77,76
1,10147,69,83
3,11433,54,42
5,11240,61,69
1,M0218,76,11
2,X0013,77,75
1,10176,73,29
3,B0010,56,62
1,M0067,68,35
4,Q0282,27,10
3,11433,55,45
1,M0326,69,18
2,11757,82,77
1,10176,73,33
2,X0026,79,85
3,B0185,51,35
1,11517,70,19
4,11182,36,64
1,11399,65,7
1,10710,69,8
1,10516,66,24
2,11599,81,83
2,11759,82,94
5,10006,64,22
4,Q0025,31,8
1,M0192,75,13
1,11587,75,5
1,M0255,72,79
3,11593,51,55
1,11457,73,19
1,11225,65,90
4,Q0274,23,85
1,11587,75,1
1,11225,65,13
1,11399,65,8
2,11582,77,4
4,Q0294,38,63
1,10148,70,93
2,11582,84,12
1,M0057,67,46
1,11481,67,2
1,M0187,66,7
1,11399,65,6
1,11457,73,22
2,X0203,85,78
1,11457,73,23
4,11745,27,9
4,Q0064,23,84
3,11591,57,46
3,B0067,55,44
2,10087,86,66
1,11529,75,86
3,B0314,64,84
3,11593,51,41
2,11599,81,84
4,Q0025,31,78
4,Q0197,31,79
4,Q0248,27,79
2,X0104,78,66
1,10176,73,32
4,11189,30,47
2,11738,79,14
1,M0317,69,82
2,11737,80,23
1,M0072,69,47
1,M0078,73,31
1,M0212,75,79
4,10203,30,45
1,11529,67,18
1,10176,73,28
1,M0248,70,90
1,11748,67,88
1,M0135,69,91
3,11251,44,68
2,11496,78,65
5,10634,62,76
2,11746,84,8
2,X0015,77,77
1,11587,66,57
5,11780,62,77
1,11481,75,78
1,11457,73,25
3,11591,57,44
1,11592,65,43
2,X0023,86,67
1,11457,73,26
1,M0078,73,44
2,X0201,77,73
5,S0071,61,70
1,10465,75,101
3,B0363,46,62
2,11757,82,116
4,Q0116,33,74
1,M0093,72,18
4,Q0210,38,62
1,10176,73,34
4,10135,27,81
2,11467,87,49
1,11604,70,8
2,X0079,87,64
4,Q0090,26,23
2,X0066,87,30
2,X0066,87,53
2,X0210,80,89
2,11758,82,103
1,11474,71,93
2,X0042,87,47
1,11457,73,42
1,11609,71,77
1,11604,70,10
1,11161,72,70
4,11611,27,35
1,11609,71,76
1,11609,71,80
1,11482,70,73
2,X0066,87,25
4,11611,27,31
2,11151,83,12
2,11467,87,50
1,11609,71,79
1,11532,68,102
1,10205,74,89
1,11609,71,78
1,11486,70,75
1,11161,72,65
1,11485,74,86
1,10131,74,90
4,10162,27,29
1,11485,74,84
2,11466,87,60
1,10176,73,48
2,X0092,78,57
2,X0155,83,79
1,11748,67,89
2,X0051,87,19
1,11457,73,46
1,M0177,73,59
2,10097,79,54
2,X0051,87,20
1,11620,72,35
3,B0058,46,42
3,11492,58,3
2,11759,82,105
5,11780,62,4
2,11758,82,104
1,11263,71,34
2,X0131,84,37
3,11612,48,63
3,11535,50,104
3,11386,57,3
1,10237,72,74
4,Q0250,24,18
1,11615,75,91
2,11757,82,66
2,X0132,83,29
1,11620,72,27
1,11615,75,90
1,11747,71,68
2,X0101,80,32
2,X0051,80,9
1,M0014,67,39
3,11535,50,107
1,M0177,73,51
3,11605,55,48
5,11617,63,29
1,11615,75,88
3,11433,55,54
1,M0290,65,50
1,11510,72,3
2,X0051,80,12
2,11746,84,6
2,11754,82,88
2,X0203,85,79
2,X0167,87,95
1,M0249,65,48
2,X0051,87,17
1,11620,72,25
2,X0110,80,70
3,11608,56,82
2,11373,82,57
1,11457,73,45
2,X0205,79,53
1,11615,73,43
1,M0014,67,40
2,11757,82,108
1,M0326,69,20
3,11521,42,66
1,M0177,73,55
2,10066,86,47
3,11612,48,57
1,M0177,76,9
1,11620,72,24
1,M0064,68,28
2,X0155,83,83
1,10405,70,11
3,11612,42,61
2,X0051,80,10
1,10405,70,20
1,11532,68,96
3,11250,42,36
1,M0049,67,64
2,10544,81,14
2,X0131,84,35
3,11610,57,97
4,10203,30,43
1,10405,70,15
2,X0155,83,82
2,11758,82,102
1,M0326,69,29
1,11620,72,34
5,11617,63,30
3,11621,41,53
2,X0069,86,45
3,11608,56,57
3,11610,57,32
3,B0087,57,38
3,11612,48,64
3,11605,60,6
1,M0177,73,52
1,10237,72,75
2,11373,82,56
3,11386,57,2
2,X0051,80,13
2,X0051,87,18
1,M0155,75,20
1,11622,69,99
1,11620,72,30
1,M0177,73,54
3,11612,48,56
1,M0177,73,57
2,11758,82,89
3,11386,57,1
3,11621,41,52
1,M0049,67,63
3,11605,55,46
2,11758,82,80
4,Q0202,26,78
2,10346,77,20
1,11487,67,85
1,10405,70,18
2,10949,82,7
2,11146,85,35
2,X0131,84,34
3,00038,58,56
1,00025,68,92
1,M0041,67,31
3,00048,41,83
3,00039,41,35
2,00030,82,34
1,00012,67,90
2,X0203,85,74
1,00007,66,27
3,11624,52,13
1,00013,66,81
1,00025,68,93
2,11754,82,92
1,00016,66,28
3,11624,52,14
3,00043,48,42
3,B0011,52,11
4,00056,28,47
4,00062,28,34
1,11532,68,34
3,00038,58,11
3,00046,47,33
5,00067,61,37
1,11532,68,59
4,00062,27,72
1,11736,70,14
1,00009,74,2
1,11119,67,19
5,00067,61,38
3,00048,41,88
3,00050,45,21
3,00039,41,75
1,00012,69,2
1,00013,66,79
3,00048,41,87
4,00063,23,74
1,00016,66,29
1,00012,69,3
1,00009,74,3
1,00009,74,5
2,00036,80,42
1,M0289,75,103
3,00048,41,82
4,00062,27,19
3,00048,41,85
3,00050,47,51
1,00012,69,4
2,11757,82,113
1,00012,69,1
3,00050,45,35
1,00012,69,5
1,00019,75,37
5,00067,63,61
3,00048,41,44
4,00062,27,20
3,00038,58,52
3,00046,47,32
1,00001,76,87
1,00028,71,86
3,00049,52,54
4,Q0198,30,48
3,00050,45,32
3,00050,45,33
1,00012,69,10
1,00001,76,98
1,00028,72,73
4,00063,23,81
3,00050,45,34
1,00025,68,78
1,11587,74,60
3,00049,52,53
3,00049,52,55
1,00028,72,57
1,00013,66,80
1,M0169,72,78
4,00060,28,43
3,00045,55,35
4,00062,28,24
1,M0169,72,8
2,11746,77,48
2,11754,82,95
3,00039,41,10
3,00038,58,8
3,00048,41,89
1,11532,68,57
4,10162,27,28
1,00025,68,77
3,00039,41,77
3,00038,58,10
4,00062,28,28
3,00048,41,86
3,00039,41,76
1,00012,69,7
4,00063,23,73
4,00062,28,33
1,00007,66,30
3,00049,52,52
3,00039,41,78
3,11624,52,16
5,00067,61,39
1,11255,65,4
4,00063,23,41
1,00012,69,6
5,11626,63,18
1,10520,69,102
4,00063,23,72
4,10203,30,44
4,00060,28,49
3,11624,52,15
4,00063,23,82
1,00028,72,58
3,00050,45,55
4,00060,28,44
1,10523,69,101
1,00028,72,47
3,00049,52,56
1,00013,66,82
1,11532,70,1
5,11626,63,19
1,00028,72,64
3,00043,48,47
4,00063,23,80
3,00043,48,46
1,00007,66,31
1,00028,72,49
4,00063,23,40
1,00028,72,61
1,M0231,67,7
4,00056,28,31
2,00030,82,37
1,00028,72,59
3,00039,41,80
2,11757,82,67
5,00067,61,40
4,00058,39,52
1,00012,69,11
1,00012,69,9
3,B0212,52,12
1,00028,72,60
4,00058,39,9
4,00058,39,1
3,00046,47,49
1,00009,74,4
1,00028,72,48
3,00046,47,48
3,00046,47,47
3,11625,52,10
1,00016,66,25
4,00060,27,46
3,00038,55,95
4,00060,28,48
1,00012,67,72
2,11757,82,70
3,00046,47,66
4,00062,27,70
3,00038,58,54
2,X0025,77,9
2,11496,78,15
4,11369,35,60
1,11748,67,112
2,X0024,85,62
2,X0075,82,62
4,Q0318,37,16
3,B0113,53,6
3,11521,48,70
3,11433,54,44
3,B0094,47,46
2,11757,82,111
3,B0107,57,14
1,10119,75,3
2,11243,81,76
1,M0142,71,14
3,11535,50,13
3,B0388,41,41
3,B0098,55,100
1,M0072,69,44
3,10168,51,14
5,10709,63,70
3,B0107,57,43
1,10401,76,20
4,Q0193,26,29
2,X0104,78,51
3,10058,56,78
1,M0072,69,43
3,B0126,57,16
4,Q0175,39,22
1,M0155,75,23
1,M0169,71,70
1,10958,76,55
3,B0282,58,44
5,S0024,62,43
4,Q0025,31,25
4,Q0184,30,41
3,11237,54,80
2,10212,82,26
2,X0130,81,16
3,B0384,45,57
5,S0076,64,46
4,Q0252,27,71
3,11231,43,36
2,11582,77,5
3,B0223,54,70
5,S0006,61,43
2,X0022,79,41
3,10052,51,59
1,10517,76,82
3,B0243,51,9
3,11440,51,45
4,Q0111,36,1
2,X0037,80,84
3,B0337,43,58
1,10837,76,27
2,10212,82,117
3,B0033,48,58
1,M0050,76,44
1,M0121,70,60
3,B0379,58,61
5,S0032,62,68
2,X0207,80,92
1,M0265,66,52
2,X0205,79,52
4,11159,39,11
2,X0153,83,49
2,X0141,77,50
2,X0013,77,56
1,M0152,67,49
1,M0289,69,24
4,10208,24,53
4,Q0009,35,57
1,M0223,68,41
3,10122,47,56
3,B0277,60,54
2,10077,87,41
3,B0372,60,82
3,10681,43,79
2,X0130,81,103
3,11472,59,61
3,B0001,44,10
3,11203,53,68
4,Q0044,23,58
1,11739,75,2
3,10857,45,45
3,B0383,41,46
4,Q0119,24,24
4,Q0213,37,61
2,11738,79,16
4,11041,40,30
3,B0010,55,20
4,Q0142,40,48
4,Q0047,32,30
3,11421,43,66
4,Q0056,40,14
2,11758,82,81
3,B0294,52,41
3,B0017,58,16
4,Q0112,36,67
2,X0137,81,92
2,10949,82,1
3,B0076,41,11
1,M0072,69,42
2,X0014,83,60
2,X0092,86,55
4,10864,36,17
3,B0090,52,66
2,X0166,81,66
5,S0031,63,38
3,B0300,49,21
1,M0290,65,49
3,11454,41,19
3,B0390,59,84
1,11529,67,20
5,S0022,64,51
3,B0197,46,33
3,11492,58,2
4,Q0115,25,28
3,B0055,55,26
3,11203,53,66
3,B0348,64,91
2,X0203,85,73
4,Q0048,40,41
2,X0221,86,42
4,Q0108,33,62
3,10053,54,35
2,11757,82,69
4,10185,24,77
2,X0229,82,5
5,S0048,62,35
1,M0191,74,15
1,M0205,65,57
5,11505,61,1
4,Q0097,29,37
4,Q0071,32,57
3,B0027,53,25
3,B0286,53,27
2,X0207,80,52
4,Q0198,30,49
4,Q0197,31,51
4,11369,35,53
4,Q0084,32,60
2,10603,83,21
3,B0323,57,84
3,B0090,52,92
1,M0171,76,57
3,B0042,49,49
1,10657,65,2
3,11419,45,26
2,11451,84,21
3,B0236,44,3
3,B0284,60,42
1,10432,67,84
2,11759,82,106
1,11489,68,74
4,Q0275,27,82
3,B0273,48,33
3,10984,41,31
2,X0204,85,81
3,B0369,55,6
1,M0324,70,79
1,10176,73,39
1,11748,67,86
4,Q0202,26,40
5,11240,61,54
3,11229,57,58
1,10768,71,16
3,B0258,57,53
1,11287,66,55
3,11280,56,30
3,B0176,57,95
3,B0263,55,37
2,11746,77,82
3,B0346,55,4
2,10949,82,2
3,B0087,57,50
3,B0372,60,67
1,M0287,71,72
4,Q0085,26,39
4,10453,39,24
3,B0119,50,74
2,X0005,79,17
4,Q0175,34,57
1,M0240,71,25
2,10354,83,74
1,11481,75,63
4,Q0180,30,50
5,11480,63,49
4,Q0175,34,59
5,11201,63,63
3,B0141,46,43
3,B0306,53,80
5,11780,62,6
5,S0034,62,55
2,X0215,85,49
3,B0037,43,39
1,M0192,75,12
5,S0059,62,8
3,11118,59,50
2,X0053,85,12
3,B0207,51,24
5,S0043,64,31
3,10557,57,86
3,B0106,45,27
1,11487,69,13
4,Q0232,30,25
2,X0213,79,80
3,10437,42,21
1,10611,65,93
4,Q0301,34,17
3,10718,54,4
1,10275,72,36
1,11514,68,82
4,Q0197,31,54
1,10139,74,36
4,Q0166,37,65
4,Q0098,25,16
3,B0288,51,67
4,Q0076,23,44
2,11746,84,83
1,M0081,70,41
5,10027,64,24
3,B0133,44,78
3,B0349,47,63
4,Q0092,29,27
3,B0024,59,66
3,B0289,48,68
4,Q0273,38,54
3,11440,51,44
4,11436,33,36
1,M0082,71,27
2,X0068,77,37
1,M0290,74,1
3,11537,56,66
1,M0064,68,103
3,B0328,55,53
2,X0013,77,46
3,B0187,52,28
2,X0064,85,2
1,11529,67,22
2,11738,79,15
2,X0092,78,63
3,B0149,64,95
4,Q0013,32,15
4,Q0227,28,63
1,M0129,76,39
1,M0084,68,72
2,10949,82,6
3,B0293,60,12
4,Q0142,40,16
2,X0093,86,22
3,B0098,55,83
1,11575,71,84
4,Q0121,36,33
3,B0386,42,8
3,B0133,44,79
1,M0237,67,91
3,10366,50,6
2,X0003,87,92
3,B0217,41,57
4,10609,34,31
3,11246,49,13
1,M0018,73,78
3,B0291,43,6
3,B0348,64,96
1,M0106,72,53
2,X0149,80,56
2,10078,85,43
4,Q0128,30,69
2,X0020,81,6
3,B0216,52,62
4,Q0050,32,24
2,11754,82,100
3,B0126,57,17
1,M0156,74,92
5,S0076,64,43
1,M0248,70,82
4,10287,23,30
3,11107,58,43
2,10354,83,80
3,11229,57,82
4,Q0074,25,45
4,Q0299,28,50
3,B0165,46,29
3,B0247,52,32
1,M0072,69,36
2,X0028,87,32
2,X0219,82,73
2,11758,82,99
4,Q0126,25,67
1,M0169,72,10
5,S0058,61,5
4,11458,33,65
4,11498,33,50
4,Q0006,39,8
3,10254,50,31
4,Q0025,31,18
3,10319,41,60
4,10735,24,82
5,S0023,61,47
4,Q0145,36,68
3,B0216,52,60
1,M0044,67,68
4,Q0188,35,11
3,B0235,48,12
3,B0307,44,35
1,M0063,71,92
4,Q0180,37,27
1,M0326,69,30
4,Q0062,27,76
3,11269,48,28
1,M0064,68,98
3,B0314,64,81
4,Q0047,32,34
4,Q0295,33,19
1,11748,69,12
1,M0171,76,61
2,X0035,77,15
3,B0250,57,91
5,11505,61,3
2,11456,83,67
4,Q0131,29,43
4,Q0216,28,54
3,B0026,59,12
2,X0201,84,15
5,S0031,63,39
2,X0103,82,31
3,B0243,48,5
4,10731,34,8
4,Q0116,33,20
2,X0037,81,95
3,B0332,49,24
3,B0294,52,44
2,X0226,79,43
2,10212,82,118
4,10201,35,41
1,M0073,74,7
4,11157,37,57
1,10176,73,41
3,B0133,44,71
3,B0314,64,82
1,10465,75,48
2,X0023,86,25
4,10560,26,2
3,B0313,59,56
3,11293,50,9
1,10553,74,69
1,11225,65,14
3,B0387,42,34
2,X0118,78,38
1,10517,76,85
2,X0066,87,22
3,B0386,42,18
1,M0072,69,39
3,B0333,54,36
4,11369,35,47
3,B0387,44,34
1,10222,66,9
2,X0219,82,74
2,X0110,83,86
2,X0052,86,39
4,Q0216,35,23
2,X0062,87,24
3,11420,51,29
1,11194,76,76
2,10420,87,93
3,B0022,58,5
3,B0338,55,2
4,Q0052,40,37
1,M0084,68,76
2,11754,82,97
4,10609,34,32
1,M0046,65,65
2,X0113,82,9
4,Q0128,30,56
1,M0105,68,83
4,Q0318,37,15
1,11191,75,92
2,11456,83,87
3,B0136,54,62
5,10008,62,20
4,Q0012,32,40
3,B0141,45,61
2,X0113,82,10
3,11471,51,47
2,X0143,83,42
2,X0104,86,20
3,B0258,57,55
2,X0118,80,82
5,S0043,64,28
3,B0267,44,65
4,10453,39,30
4,Q0277,33,10
3,11229,43,46
3,B0343,46,71
4,11490,30,55
3,10286,53,36
2,X0066,87,29
2,11151,83,5
3,B0077,45,2
5,S0035,62,59
1,11487,69,14
1,11255,65,88
2,10072,84,30
3,B0265,57,62
3,11448,55,72
2,X0153,81,105
3,B0189,53,20
4,Q0079,26,7
1,M0140,68,42
3,B0061,56,52
1,M0043,67,61
3,B0406,41,16
4,Q0240,27,42
4,Q0093,24,28
3,B0012,53,18
3,B0208,45,42
4,Q0079,40,1
1,10611,65,10
3,10682,60,56
1,11287,74,55
4,10861,29,68
3,11118,59,51
2,X0132,80,64
2,X0101,80,31
3,11427,53,72
3,11406,53,17
1,M0083,76,71
2,X0234,82,79
4,Q0288,29,4
3,10253,51,21
1,M0027,65,81
3,B0027,53,24
2,X0160,84,71
1,M0081,70,44
4,11371,34,11
1,M0013,75,52
3,B0048,45,72
3,B0134,50,90
4,Q0232,34,54
4,Q0033,31,19
5,10634,62,10
4,10220,30,71
4,Q0033,31,68
2,10420,87,94
4,Q0256,24,8
4,Q0261,38,31
3,11472,59,62
2,11738,79,18
1,M0129,73,68
4,Q0115,25,34
3,11248,55,15
2,X0167,85,8
3,11445,54,77
3,B0273,48,39
3,B0089,52,58
5,11426,62,46
4,Q0197,31,53
3,B0117,56,8
3,B0227,44,24
4,Q0261,38,45
3,B0060,45,58
1,M0326,69,28
4,Q0005,33,73
3,10052,51,27
3,10598,43,34
2,10544,81,15
1,M0240,71,44
3,B0273,48,40
3,B0237,50,34
3,B0339,57,60
3,B0258,57,56
4,Q0276,28,7
3,B0289,48,37
3,B0387,44,33
4,Q0227,28,64
4,11458,33,66
3,B0338,55,1
4,Q0051,25,63
3,B0388,59,22
4,Q0219,35,32
4,11158,38,48
1,11532,68,99
3,11440,52,95
3,10718,54,6
4,Q0098,25,18
3,10597,56,36
3,11251,44,76
4,Q0257,26,76
1,M0078,68,11
3,10247,53,77
4,Q0301,34,4
3,B0266,49,33
1,10261,73,56
1,M0326,69,19
1,10993,69,95
4,Q0180,37,30
2,X0219,82,76
2,X0130,81,102
5,10301,61,15
2,11582,84,1
2,11737,80,24
2,X0052,86,40
3,B0355,46,78
2,X0223,78,6
3,B0317,42,10
1,10205,74,88
3,11245,51,63
3,B0020,59,1
4,Q0291,23,56
3,B0287,50,59
3,B0092,45,38
3,B0069,50,12
3,B0275,56,12
3,B0155,60,60
3,10443,56,55
3,11521,42,67
3,B0020,59,21
2,X0166,81,61
5,S0045,63,54
4,10453,39,29
4,Q0202,25,23
4,11186,38,14
1,11220,75,83
3,B0193,60,2
4,Q0064,23,61
3,B0246,56,83
3,B0014,59,16
4,Q0273,38,21
1,M0303,71,60
4,Q0240,27,25
4,Q0232,34,56
3,11515,51,79
3,B0305,44,49
4,Q0300,38,35
4,Q0140,30,63
1,10176,73,36
2,X0203,85,22
4,Q0273,38,25
1,M0082,71,6
2,X0024,85,61
4,Q0234,28,41
3,11385,49,11
2,X0093,78,18
2,10078,85,48
1,M0081,70,35
4,Q0168,37,33
1,M0023,65,78
4,10815,39,4
3,B0023,58,78
3,10784,49,15
2,X0098,78,7
3,B0313,59,57
5,11480,64,38
1,M0303,71,100
1,M0303,71,58
3,B0189,53,33
2,X0064,85,1
3,B0406,59,34
4,Q0178,31,58
4,Q0251,39,39
1,M0303,71,59
2,X0077,87,81
1,M0302,72,76
3,B0265,57,61
3,B0048,45,70
3,11118,59,55
4,Q0121,36,54
4,10566,39,46
3,B0056,58,69
2,X0190,84,78
3,10253,51,11
3,10054,53,71
3,B0396,51,72
1,M0044,67,73
4,Q0169,26,31
5,S0074,63,34
4,Q0185,25,54
3,10319,41,62
2,10359,77,33
4,10929,29,35
1,M0126,74,104
3,B0133,44,80
4,Q0248,25,9
5,10858,63,13
1,M0303,71,61
4,Q0005,33,52
1,M0100,73,88
1,M0234,73,77
1,M0192,75,16
4,Q0013,32,77
2,X0111,78,24
3,10122,47,55
3,B0035,50,62
3,B0306,56,1
4,Q0166,37,63
2,X0190,79,58
4,Q0261,38,30
3,10984,41,33
4,Q0093,24,35
3,B0144,42,63
1,M0013,75,56
1,M0106,72,54
3,11286,52,46
5,S0029,62,41
2,X0234,82,82
3,B0093,53,2
1,10799,73,6
4,Q0148,34,44
4,10509,29,30
1,M0303,71,48
1,M0126,73,102
2,X0080,87,86
2,X0066,87,52
1,M0121,70,61
4,Q0134,34,42
4,Q0144,26,66
5,S0020,61,53
1,M0106,72,52
4,Q0132,23,35
3,11405,60,34
1,10760,70,31
3,B0345,47,3
3,B0042,49,50
4,Q0251,39,37
5,10298,63,16
3,B0014,59,76
1,M0002,74,42
4,Q0113,37,62
1,10537,75,11
4,11369,35,20
5,10013,64,23
3,B0010,55,23
4,Q0049,29,50
1,M0302,72,46
5,10010,62,58
1,M0126,73,103
3,10551,57,85
1,M0303,71,54
4,Q0237,30,12
5,S0052,63,36
3,10443,56,56
1,M0303,71,49
3,10718,54,51
2,X0201,77,60
3,B0238,52,38
1,M0303,71,56
4,11182,30,62
3,11230,58,21
4,Q0049,29,69
4,Q0050,32,23
4,Q0125,24,12
1,10569,69,61
4,11636,35,54
3,10557,57,78
4,11372,23,12
1,M0019,66,62
1,10710,69,74
1,10837,76,26
4,10208,24,43
2,X0203,85,27
4,Q0282,24,48
1,10799,75,58
3,B0320,49,48
1,M0303,71,55
4,Q0134,34,10
3,B0345,49,29
3,11477,56,60
4,10566,39,44
3,B0371,59,6
2,X0087,86,59
2,11146,85,31
3,B0212,52,6
3,B0107,57,26
1,11523,74,47
3,B0131,42,49
3,B0305,44,55
3,B0343,46,79
3,B0059,60,77
3,11406,53,22
1,M0254,72,31
4,Q0280,28,16
2,X0076,87,1
4,11369,35,52
4,10861,29,62
4,Q0237,28,76
1,M0140,68,40
3,B0076,41,2
4,Q0140,30,64
1,11225,65,15
3,B0390,59,69
3,B0273,48,41
3,B0376,56,19
2,10071,84,17
2,X0166,81,53
3,11493,45,41
2,X0156,81,25
1,M0155,75,41
2,X0168,84,44
4,Q0250,24,21
1,M0287,71,74
4,Q0077,26,8
3,11488,46,41
3,B0294,52,99
2,11146,85,29
3,B0035,50,11
3,B0241,55,64
4,10843,28,32
2,X0210,80,43
1,M0018,73,85
4,Q0182,25,53
1,10465,75,60
1,M0064,68,33
5,S0022,64,50
2,X0092,78,17
3,B0167,46,17
3,11432,44,51
3,11432,44,52
3,11417,58,48
1,M0286,65,62
3,B0372,60,68
1,11220,67,4
4,Q0131,29,42
3,B0382,45,17
3,B0339,57,63
5,S0026,64,7
2,X0035,77,67
1,M0013,75,57
3,B0092,45,39
4,Q0036,32,32
3,B0394,42,57
4,10453,39,31
1,10142,74,38
3,11448,55,74
4,10560,26,3
2,X0037,80,54
5,10298,63,27
3,B0255,58,32
2,10544,81,34
3,B0225,43,11
4,Q0096,33,33
4,11182,30,66
4,Q0299,28,61
4,Q0225,28,46
1,M0037,75,28
3,11566,50,93
4,Q0102,25,33
1,M0215,70,16
3,B0293,60,10
3,B0113,50,44
3,B0278,59,31
4,Q0144,26,65
1,10932,74,67
5,S0073,64,3
4,Q0102,25,36
4,Q0045,36,15
3,10051,48,15
3,B0126,50,89
4,10287,23,39
4,Q0215,27,55
4,Q0064,23,62
1,M0248,70,87
3,11471,51,60
3,B0001,44,16
2,X0216,80,27
3,B0155,60,59
3,B0125,59,39
2,X0013,77,57
3,B0263,55,57
3,10857,47,54
4,11369,35,48
2,X0156,81,26
1,M0081,70,43
2,X0234,82,86
3,11249,44,38
3,10058,56,73
3,B0136,54,61
2,X0021,83,61
3,B0016,56,21
3,10964,54,14
2,X0153,83,50
5,10008,62,25
3,10931,53,48
1,10569,69,54
3,11447,55,76
5,S0058,61,4
4,10731,34,15
2,X0101,82,110
1,M0302,72,40
1,10993,70,68
3,B0106,45,23
1,10750,67,65
4,Q0200,35,3
4,Q0199,35,10
3,B0080,49,28
3,B0170,46,24
4,Q0117,26,69
3,B0261,46,19
3,B0253,48,30
3,B0317,42,12
5,S0045,62,70
4,10929,32,78
3,B0190,50,58
4,Q0009,39,5
3,B0301,48,35
1,M0224,76,74
4,Q0129,24,2
1,10611,65,91
1,11265,68,17
2,X0034,83,19
4,11157,37,59
4,11369,35,56
1,10222,66,11
1,M0231,67,15
1,M0216,69,93
3,10216,44,30
3,B0211,55,60
3,B0217,41,15
2,X0221,79,30
1,11191,75,89
4,Q0134,36,50
2,X0197,83,33
1,M0057,67,43
4,Q0096,33,30
4,Q0006,39,3
1,M0023,65,79
4,Q0112,36,42
1,M0265,66,50
4,10590,32,43
2,X0109,82,19
5,S0022,64,53
2,X0021,83,57
3,10784,49,7
3,B0103,50,81
4,Q0145,36,6
2,11151,83,2
2,X0210,80,37
4,11041,25,57
3,B0340,54,22
3,11170,45,19
4,Q0090,26,21
3,B0198,54,79
2,X0166,81,55
3,10678,59,48
4,Q0175,34,58
3,B0133,44,75
3,11410,51,52
3,10045,43,21
1,M0083,76,66
3,B0267,51,43
5,10636,61,29
1,10612,65,23
3,10964,53,45
3,B0098,55,101
2,X0021,83,64
4,10961,38,47
2,X0177,80,48
4,11041,40,29
2,X0055,79,77
3,10253,51,23
3,B0197,46,6
3,B0157,60,44
1,M0144,67,25
2,10359,86,7
4,Q0177,37,1
1,M0171,76,62
3,B0286,53,79
3,10437,42,70
2,X0009,85,33
2,X0177,78,40
3,B0110,44,6
3,11448,55,71
3,B0332,49,35
4,Q0202,26,43
4,Q0124,36,59
3,11150,42,2
4,Q0057,31,43
3,B0034,57,36
4,Q0248,25,10
3,B0190,50,57
4,Q0017,32,45
4,10220,30,13
4,Q0217,26,49
4,Q0119,24,16
3,B0387,44,31
1,M0082,71,29
3,B0014,59,63
2,11153,81,78
3,B0278,59,30
2,11581,81,52
4,Q0272,39,26
4,Q0225,28,52
1,M0171,76,54
3,B0226,54,30
4,10733,35,44
4,Q0225,28,45
2,X0167,87,79
2,11581,81,47
4,Q0234,28,36
3,B0339,52,74
2,X0234,82,83
3,B0135,55,18
2,X0157,79,31
3,10931,53,55
4,10135,27,75
3,B0387,44,87
4,Q0168,30,65
2,11151,83,7
2,X0132,80,60
3,B0258,57,51
1,10553,74,78
4,Q0084,32,63
4,11152,40,36
1,M0142,70,63
2,10212,83,69
4,Q0142,40,19
4,Q0124,36,60
1,M0135,69,78
3,10450,57,69
2,X0066,87,23
4,Q0090,26,20
2,X0219,82,71
1,10392,75,94
3,B0093,50,55
3,B0300,49,6
3,B0388,59,26
4,Q0111,36,2
1,M0046,65,67
3,11444,54,63
3,10286,53,37
1,M0065,66,70
2,X0027,84,74
4,Q0132,31,71
3,11011,43,22
3,B0332,47,10
5,10301,61,42
3,B0337,43,13
1,10569,69,51
3,11412,43,9
3,B0323,57,73
3,B0187,52,48
3,B0163,54,76
4,Q0099,28,20
3,B0306,56,6
2,10712,82,13
3,11175,47,29
3,11492,55,85
1,M0218,76,4
4,Q0057,31,47
2,X0177,78,41
4,Q0105,33,39
2,X0157,79,32
3,B0034,56,79
3,B0017,42,41
2,X0093,86,23
3,B0119,50,78
4,10732,30,22
4,Q0147,34,36
2,X0104,81,9
1,M0224,76,73
3,B0094,47,50
2,11496,78,27
4,10608,34,23
4,Q0210,38,2
5,S0048,62,39
3,B0315,60,72
1,M0050,76,41
3,B0001,44,15
3,B0289,48,45
3,11566,57,11
4,Q0087,31,33
1,M0245,66,74
1,10760,70,32
4,11104,29,59
4,Q0047,32,35
2,X0203,87,42
4,Q0097,29,13
5,S0074,63,33
3,B0331,43,44
2,10546,86,61
1,10279,75,84
2,X0234,82,65
3,B0378,49,19
3,B0258,57,52
3,B0362,43,48
2,11496,78,26
4,10561,37,74
3,10984,58,29
1,10768,71,17
1,M0086,68,2
1,10993,69,98
1,M0072,69,34
5,S0030,63,71
1,M0111,73,10
2,X0017,80,4
4,11438,30,32
3,B0185,51,56
4,Q0271,33,8
4,Q0147,34,63
1,M0218,76,14
4,11490,30,60
3,11440,51,8
2,10354,83,76
3,10678,41,93
1,M0240,71,51
1,11197,74,14
2,X0201,84,9
4,Q0246,23,17
3,B0179,55,13
4,Q0151,26,64
1,11169,68,62
2,X0223,78,42
1,10241,74,51
3,B0079,58,74
2,X0008,84,11
5,10008,62,21
4,Q0182,25,52
1,10932,75,31
3,10258,54,21
4,Q0102,25,37
3,B0016,54,15
4,Q0013,32,27
5,S0071,61,14
4,Q0062,26,17
4,Q0182,25,55
1,M0088,65,71
5,10010,62,57
1,M0044,67,75
2,10210,87,38
3,10437,42,22
2,X0197,83,31
3,11440,51,20
2,X0075,82,61
3,B0024,59,65
3,B0205,52,89
3,B0235,44,2
4,Q0202,26,42
1,10119,66,88
3,11280,56,5
4,Q0237,30,15
1,M0106,72,56
3,B0189,50,22
2,X0067,86,32
3,B0314,64,83
4,Q0079,40,6
4,10861,29,67
3,B0382,45,7
3,B0166,52,25
3,B0236,48,20
4,Q0191,39,7
3,B0252,60,13
2,X0143,83,39
4,10861,29,64
1,10768,70,57
1,10759,74,85
3,11407,56,41
1,M0111,73,11
3,11382,46,49
4,Q0216,35,27
4,Q0272,39,28
3,B0092,45,56
4,Q0250,24,17
2,10616,85,4
3,B0346,56,44
5,S0072,62,34
3,B0067,55,41
3,11409,41,6
3,11440,51,69
3,B0371,59,15
2,10090,79,13
2,10087,86,13
1,M0135,69,88
1,M0173,68,70
4,Q0233,28,72
2,10359,86,5
3,11293,50,7
4,Q0062,26,15
4,Q0266,24,67
3,B0057,53,52
4,Q0280,28,15
3,B0357,44,67
4,Q0282,24,81
3,10967,55,92
2,X0027,84,77
3,B0257,53,51
1,M0044,67,74
4,Q0184,37,34
2,X0167,85,9
3,B0056,58,66
3,B0279,48,21
2,X0006,85,34
3,B0187,52,29
3,B0139,45,47
2,X0103,82,64
3,B0266,49,31
2,X0223,78,8
2,11243,81,48
4,Q0262,27,8
4,Q0155,37,7
4,Q0119,24,25
3,B0354,50,1
2,X0153,83,47
2,X0028,85,68
2,X0037,80,83
4,Q0193,26,35
3,B0196,45,74
2,11004,87,66
3,B0332,49,45
2,X0178,84,49
3,B0196,45,63
4,Q0272,39,16
3,B0134,57,23
2,X0209,85,55
3,B0119,50,77
4,Q0039,32,71
1,M0218,76,13
3,B0067,55,42
3,11421,43,76
4,10732,30,31
3,B0371,59,25
4,Q0271,33,7
4,Q0108,33,57
3,B0391,43,55
2,X0097,81,86
2,10817,79,61
5,S0011,63,15
2,X0138,81,101
2,X0118,78,32
3,B0035,50,69
4,Q0272,39,27
3,10933,58,72
1,11263,71,36
3,B0030,55,86
4,Q0112,36,61
3,B0142,50,2
1,11533,68,65
4,Q0272,39,23
3,10598,43,26
1,M0019,66,59
2,10346,77,26
3,B0384,45,50
4,Q0048,40,39
3,11237,54,54
1,11270,69,63
4,Q0262,28,12
2,X0101,82,54
1,11260,65,36
4,Q0096,29,22
4,10206,25,5
5,S0032,62,69
3,11431,42,56
4,Q0115,25,32
1,10405,70,7
3,11430,52,31
4,Q0130,29,49
4,Q0131,29,71
4,10844,24,34
4,Q0099,28,21
4,Q0062,26,14
4,Q0005,33,55
4,Q0089,32,73
3,11382,46,54
2,11151,83,1
1,M0155,75,25
2,X0081,78,2
1,10271,72,42
1,10516,66,41
2,X0076,87,2
3,10597,56,26
3,10062,45,3
1,10569,69,53
4,Q0045,36,14
4,10861,29,63
2,X0235,82,3
4,Q0260,31,32
5,S0026,64,1
1,10222,66,8
2,X0130,81,38
4,Q0251,39,49
1,M0129,76,38
4,Q0007,23,29
4,11458,33,56
2,X0201,77,59
3,B0323,57,81
1,10759,74,87
4,Q0088,29,16
1,M0218,73,50
2,X0065,79,12
1,M0106,72,62
5,11201,63,35
1,M0212,75,72
4,Q0219,35,30
5,10417,64,42
3,B0371,59,5
2,11172,86,46
4,10861,29,65
4,Q0151,26,58
4,Q0044,23,59
1,M0064,68,31
4,10566,39,45
4,Q0251,39,41
5,S0075,63,1
1,11220,67,5
1,M0245,66,77
1,M0078,68,10
5,S0075,62,26
3,B0372,60,80
1,M0106,72,63
1,10401,76,17
3,B0205,52,116
4,Q0226,25,21
1,M0132,70,54
3,B0033,48,60
3,B0243,44,11
2,X0138,81,104
2,X0201,77,72
2,10072,84,31
1,M0070,73,90
2,X0203,87,84
1,M0171,76,59
2,X0192,79,68
1,M0280,67,32
2,10087,86,14
1,M0288,74,28
1,11508,72,11
2,X0225,82,14
1,M0237,67,82
4,10589,34,62
3,B0406,59,33
3,B0081,45,6
3,B0120,55,31
3,B0378,49,18
3,B0267,52,81
3,10857,45,44
4,11186,38,11
2,X0098,78,39
3,11450,55,58
4,Q0119,24,22
2,X0207,80,53
3,B0238,52,35
2,10652,80,74
3,B0391,43,54
4,10221,32,49
1,M0019,66,63
3,10253,51,42
1,11265,68,18
4,Q0201,25,39
3,11447,55,56
3,B0093,53,5
4,Q0273,38,51
3,11187,43,41
3,B0379,58,63
4,Q0086,25,61
4,Q0203,31,72
4,Q0271,33,6
3,11488,46,74
4,10732,30,70
5,10181,63,4
1,M0288,74,30
1,10401,76,18
2,X0138,81,100
4,Q0155,37,8
4,10199,23,33
4,Q0213,37,47
4,Q0278,24,69
4,10560,26,6
2,X0188,85,40
4,Q0063,40,53
2,X0053,85,11
1,M0111,73,3
3,B0142,50,51
2,10359,86,6
3,B0089,52,71
2,X0014,83,62
4,Q0108,33,63
5,S0062,64,14
3,11175,47,21
3,B0302,60,27
4,Q0304,38,36
3,10295,42,23
2,X0080,87,78
1,10620,76,1
3,B0390,59,68
2,X0092,78,19
1,M0128,74,64
3,B0386,42,7
3,B0055,55,27
1,M0144,67,26
1,M0231,67,10
4,Q0045,36,11
4,10731,34,16
1,M0019,66,64
3,B0189,53,19
3,B0080,49,44
2,10071,84,16
3,B0383,41,66
2,10601,80,7
4,Q0082,26,55
4,Q0115,25,31
5,10709,63,52
3,10557,57,75
2,10075,84,57
2,10616,85,5
3,B0046,56,68
2,X0203,85,23
3,10253,52,77
3,B0087,57,48
3,B0223,60,9
3,10068,60,65
3,B0020,41,38
4,10843,28,30
1,M0143,70,30
4,Q0048,40,40
4,10734,23,70
3,B0027,53,15
1,11532,68,61
3,B0313,59,60
3,B0113,50,49
3,B0390,59,73
4,Q0318,37,12
2,10212,83,70
3,B0080,49,26
4,Q0258,23,16
3,B0325,60,85
4,Q0017,32,37
1,M0067,68,79
4,Q0109,33,28
1,10993,69,107
2,11180,87,69
4,Q0025,31,26
4,10819,32,3
3,B0348,46,51
1,M0240,71,24
1,10410,74,34
5,S0001,61,59
1,11479,71,1
3,B0362,43,50
5,S0074,63,32
1,10261,73,60
2,X0110,83,85
1,M0143,70,22
1,M0072,69,41
3,B0076,42,60
3,B0320,46,66
1,M0013,73,4
3,B0307,44,40
3,B0020,59,17
4,10698,36,9
3,B0242,51,4
1,10241,74,49
4,Q0116,33,25
4,10221,32,55
4,Q0084,32,59
1,M0018,73,83
3,10556,53,73
5,S0006,61,18
4,Q0079,40,10
4,Q0254,30,9
4,Q0197,31,52
1,M0289,69,26
4,Q0040,40,51
1,M0105,70,27
3,B0059,60,5
3,B0237,50,39
3,B0332,49,41
1,11095,76,36
4,Q0158,40,12
2,X0172,81,91
4,Q0276,27,69
1,M0280,67,29
2,X0037,78,33
4,Q0299,28,42
4,Q0209,30,53
3,B0090,52,68
4,10608,34,22
3,10054,53,69
3,10672,44,45
2,X0111,78,23
2,X0161,81,20
4,10962,27,64
1,11191,75,87
3,B0088,53,49
4,10221,32,54
4,Q0087,31,37
3,11148,47,40
2,X0191,79,63
1,10837,76,34
3,B0152,47,57
2,X0213,79,48
3,11230,58,20
1,10569,69,60
4,Q0158,40,8
4,Q0310,34,7
1,10768,70,56
1,M0037,75,19
4,Q0282,32,11
4,Q0062,27,23
3,11187,43,42
3,B0020,41,40
2,X0237,81,62
5,S0004,63,24
1,M0169,71,69
2,X0004,77,63
3,10366,50,3
4,Q0276,28,5
4,Q0234,28,39
2,X0189,79,23
3,10058,56,67
2,11451,84,24
5,S0048,62,37
4,Q0140,36,32
1,10465,75,49
3,11454,41,26
1,10465,75,61
5,10341,61,50
1,10576,69,55
3,B0267,52,78
3,B0193,55,52
4,Q0090,26,25
2,X0023,86,62
4,10736,24,51
1,M0280,67,24
4,Q0166,37,38
1,10837,76,28
1,11263,71,37
4,Q0240,27,45
3,11420,49,62
1,10744,68,6
5,S0076,64,45
4,Q0139,36,21
4,Q0092,29,28
2,X0157,79,37
2,11496,78,14
1,10241,74,50
2,X0183,78,5
4,Q0086,25,12
3,B0371,58,57
4,11104,29,31
2,X0153,81,11
4,Q0278,28,3
4,Q0158,40,11
3,B0243,44,1
5,S0078,61,44
4,Q0108,33,59
1,M0037,75,17
4,Q0251,39,34
5,11240,61,55
1,M0259,72,71
3,B0372,60,66
3,B0260,55,21
5,10006,64,16
4,Q0130,29,46
2,X0143,83,38
3,B0121,55,34
3,B0257,53,42
4,Q0124,36,35
4,Q0085,26,59
5,S0009,61,10
1,M0248,70,69
1,M0237,67,77
2,10601,80,8
2,X0166,81,60
4,Q0315,23,5
4,Q0088,29,15
4,Q0047,32,33
1,11577,68,107
3,B0338,55,3
5,11259,61,7
1,M0083,73,84
5,S0075,63,3
3,11429,52,76
3,11230,58,83
1,M0065,66,71
3,B0272,54,58
1,M0078,68,4
1,10569,69,58
3,10039,41,70
3,B0198,54,69
4,10566,39,19
1,M0334,74,31
4,Q0226,25,65
2,10603,83,23
3,B0305,44,50
3,B0294,52,42
4,Q0261,23,67
2,X0177,80,50
3,11406,53,30
2,X0157,79,36
4,Q0028,31,14
4,Q0245,25,25
4,Q0016,31,10
1,M0278,70,84
3,B0324,64,90
3,11118,59,54
3,B0104,42,45
2,X0005,85,58
2,X0005,85,59
3,B0080,49,36
1,11191,67,11
4,Q0315,23,9
2,X0214,80,39
3,B0059,60,78
4,Q0029,32,72
2,X0179,81,71
1,M0313,73,14
4,Q0093,24,32
2,X0110,80,71
5,10010,63,9
4,Q0005,33,54
5,S0056,61,17
3,B0267,44,62
5,S0004,63,58
4,Q0108,33,60
3,B0176,57,29
2,10087,86,16
4,Q0257,24,6
1,M0082,71,9
1,10428,67,57
4,Q0079,26,12
2,X0081,79,5
4,Q0105,33,40
3,B0291,43,27
3,B0266,48,6
3,B0284,60,43
2,10071,77,66
4,Q0151,26,61
3,B0092,45,28
2,X0152,83,66
4,Q0116,33,22
2,X0110,80,73
4,Q0096,33,34
3,B0081,45,11
3,11149,44,61
4,Q0051,27,27
4,Q0028,31,16
3,B0303,58,12
1,M0129,76,37
1,11474,71,45
2,X0034,83,18
5,11005,63,45
4,Q0251,39,47
2,X0091,77,41
3,B0117,56,10
1,10433,65,70
4,Q0099,28,19
2,X0006,85,80
4,10225,24,44
2,X0118,78,35
3,B0292,48,34
3,B0126,57,24
3,B0069,50,42
4,11110,24,36
1,M0289,69,23
4,Q0025,31,27
3,10253,51,13
1,10831,76,23
3,B0018,43,61
1,M0051,70,37
2,10359,77,18
4,10609,34,64
4,Q0261,23,68
2,X0179,81,72
4,Q0295,33,15
4,Q0147,34,35
2,X0092,86,57
5,S0076,64,36
3,B0328,60,47
4,11158,38,34
2,10484,83,84
4,Q0007,23,28
5,S0075,63,2
3,B0312,51,54
4,Q0074,25,46
2,X0118,78,28
3,10557,57,76
3,11501,48,9
2,X0017,80,5
3,11445,54,74
3,B0126,57,15
4,10962,27,77
2,X0003,87,14
2,10077,87,40
1,M0289,69,48
3,11413,53,47
3,B0018,56,77
1,10837,76,31
4,Q0321,31,55
3,B0312,51,49
4,Q0298,28,69
1,M0245,66,75
4,Q0028,31,13
1,M0046,66,17
3,B0320,46,67
2,X0039,85,13
3,B0176,57,28
3,B0104,42,43
3,10254,50,10
4,Q0125,24,61
4,10509,29,29
3,B0304,46,68
3,B0125,59,40
4,Q0049,29,40
3,B0193,60,87
3,B0121,55,33
4,Q0271,33,9
2,X0127,82,47
4,Q0033,31,66
3,11454,41,51
3,B0016,54,26
3,B0144,42,51
4,Q0278,24,26
4,Q0184,37,37
4,Q0210,38,3
3,11237,54,50
2,10312,84,61
3,B0212,52,4
3,10788,46,8
3,B0057,53,65
5,S0017,61,24
3,B0014,59,41
3,10253,44,12
4,Q0076,23,47
2,X0147,83,46
4,Q0124,36,56
3,B0271,58,14
3,11432,44,17
3,B0256,49,8
4,Q0250,24,23
3,B0176,57,27
4,11152,40,43
3,11118,59,52
3,B0119,50,73
2,X0168,84,45
3,B0263,55,5
3,11566,50,14
2,X0027,84,73
4,Q0097,29,11
3,B0019,49,9
1,M0135,69,86
1,M0289,69,22
1,10726,67,1
4,Q0089,32,74
1,11523,74,48
3,B0094,47,36
2,X0068,86,63
4,Q0087,31,35
5,S0047,64,32
2,X0234,82,78
2,X0189,79,22
1,11529,67,21
1,M0086,68,1
1,11487,69,16
1,M0155,75,62
1,10099,75,14
1,10768,70,58
3,B0243,44,13
4,Q0307,23,51
1,10569,69,50
1,10261,73,53
3,11420,49,4
3,B0293,60,16
3,B0061,56,53
3,B0314,64,86
3,10295,42,35
3,B0291,43,3
3,11476,43,20
1,11225,65,12
3,B0055,54,78
4,10864,36,20
3,B0379,58,53
4,11152,40,35
2,10686,77,52
2,X0224,84,66
3,B0090,52,101
4,Q0251,39,38
1,10527,75,8
1,10516,66,44
2,X0076,87,91
4,Q0233,28,73
3,B0293,60,14
2,X0087,86,29
3,11187,43,43
2,X0152,83,77
4,10819,32,4
3,B0355,46,50
2,X0005,85,36
3,B0307,44,42
2,X0214,80,58
3,B0104,58,18
3,B0339,57,64
4,Q0151,26,63
2,X0201,84,14
1,M0135,69,73
4,Q0033,31,69
3,11231,43,37
4,Q0035,23,24
2,X0121,82,40
3,10123,48,13
4,11438,30,34
3,B0354,50,88
1,10768,70,55
5,10012,64,21
4,10206,27,17
4,Q0216,35,55
2,X0226,79,44
4,10864,36,7
2,X0092,86,51
4,Q0262,27,18
1,M0018,73,79
1,M0013,73,7
4,Q0232,30,24
4,10862,38,4
2,10544,81,33
4,Q0102,25,35
3,B0155,60,57
4,10737,40,21
5,S0059,62,30
2,10591,78,30
3,B0307,44,43
4,10961,38,50
4,10738,29,23
3,B0113,53,4
3,B0354,50,86
3,B0267,52,79
1,M0019,66,86
3,B0391,43,56
4,Q0171,37,2
4,10732,30,30
1,10139,66,36
3,10052,64,97
4,Q0124,36,34
4,Q0064,23,65
4,Q0092,29,34
4,Q0188,35,8
4,Q0105,33,31
4,Q0049,29,51
1,M0081,70,34
3,B0307,44,47
4,10208,24,41
2,X0039,85,37
3,B0384,45,37
3,B0090,52,67
3,B0380,58,30
5,10341,61,65
3,11230,58,27
3,B0282,59,2
4,Q0294,38,26
2,X0209,85,53
2,X0152,83,81
3,B0205,52,88
3,B0002,54,1
3,B0265,57,47
2,X0166,81,65
3,B0292,49,43
3,B0315,60,70
3,B0300,49,37
3,11476,43,75
4,10135,27,74
1,M0280,67,34
3,10254,50,28
5,S0045,63,55
3,B0289,48,51
4,Q0012,32,41
1,10611,65,11
4,Q0199,35,14
4,Q0152,35,39
2,X0076,87,3
1,M0171,73,75
5,S0004,63,57
4,Q0028,31,11
2,X0143,83,43
3,B0357,48,67
2,X0005,85,52
4,10585,37,51
5,S0032,63,20
4,Q0012,29,20
1,M0135,69,84
4,Q0254,30,7
4,Q0211,28,78
4,Q0199,35,9
3,11417,58,23
5,S0059,62,29
1,11474,71,43
5,S0078,61,45
4,Q0298,28,65
3,11418,43,33
5,S0006,61,41
4,Q0222,27,52
3,B0254,60,19
3,B0131,44,32
1,M0078,68,15
3,11444,54,38
1,M0121,70,51
4,Q0178,31,60
4,Q0004,23,13
3,B0087,57,49
4,11158,38,49
4,Q0219,27,56
4,10208,24,52
4,Q0232,30,72
4,Q0112,36,40
1,M0088,65,69
2,X0065,79,6
4,Q0119,24,80
3,11448,55,63
3,B0017,42,40
1,11265,68,47
4,10962,27,78
1,10139,66,34
2,X0197,83,34
1,11270,69,71
3,B0018,55,84
4,Q0119,24,19
4,10585,38,8
3,10160,53,31
4,Q0052,40,24
3,11175,47,52
3,B0022,58,7
2,X0068,86,33
3,B0289,48,36
2,X0079,87,63
1,10222,66,13
2,X0131,84,79
4,Q0188,39,21
4,Q0299,30,33
2,X0052,86,38
3,B0191,53,12
3,B0223,60,11
5,S0022,64,47
3,B0355,46,56
2,X0143,83,53
5,S0031,61,63
4,Q0025,31,28
4,Q0033,31,65
3,B0388,41,39
3,B0144,42,59
3,B0077,48,49
1,11194,76,81
4,10929,32,48
5,10013,64,26
3,B0371,59,85
4,Q0273,38,24
4,Q0077,26,9
3,B0198,54,75
5,S0057,61,26
3,B0272,54,59
4,Q0090,26,19
3,B0056,58,68
3,B0306,56,2
4,10343,30,61
3,11418,43,29
4,Q0278,24,68
3,11386,52,2
4,Q0140,36,28
3,B0172,46,25
1,11260,65,37
3,11374,60,48
4,Q0053,31,41
1,M0145,72,23
2,X0179,81,106
5,S0032,62,67
1,M0100,68,9
1,M0288,74,29
4,Q0012,29,19
1,10548,66,45
3,11471,64,87
4,10206,24,49
3,B0348,64,89
3,10681,43,53
3,B0086,47,5
4,Q0025,31,23
1,M0111,75,53
5,10027,64,25
5,10596,62,16
1,10760,70,33
4,Q0262,28,25
4,Q0217,26,48
3,B0104,58,17
3,10123,48,10
2,X0165,81,89
1,M0135,69,90
4,Q0106,23,4
3,11424,49,20
1,M0084,68,73
2,X0138,81,97
4,Q0052,40,31
3,B0103,56,3
3,10842,53,61
3,B0158,47,58
4,Q0261,23,43
1,M0144,67,27
3,11535,57,4
1,10440,70,29
1,10432,67,98
1,11575,71,85
3,B0033,48,48
3,B0278,59,27
2,X0017,80,2
4,Q0262,27,22
3,11452,44,66
1,M0135,69,79
2,X0143,83,44
3,B0333,54,37
2,X0178,84,50
4,Q0180,37,29
3,B0253,48,31
2,X0007,79,28
4,Q0063,40,27
1,10308,65,47
2,X0186,80,22
1,10279,75,65
4,11509,30,57
3,11410,51,48
1,M0255,72,14
1,10433,65,77
1,M0313,73,12
2,X0077,87,87
4,Q0200,35,1
1,M0255,72,16
3,10931,53,57
4,Q0211,37,44
1,M0231,67,6
5,11292,61,36
1,10241,74,52
2,X0027,84,81
5,10417,64,41
1,M0313,73,15
4,Q0271,33,2
2,X0231,81,12
1,10726,67,51
3,B0317,42,11
3,10967,55,93
1,10726,67,3
3,B0272,54,56
3,B0166,52,23
3,B0242,51,1
5,S0078,61,62
3,B0163,54,10
4,Q0140,36,31
2,11172,78,10
3,B0104,42,71
2,X0205,79,50
1,M0065,66,69
4,11490,34,43
3,B0260,56,42
3,B0080,49,59
1,M0155,75,24
4,Q0082,26,56
4,11458,33,69
4,Q0108,33,58
4,Q0298,28,66
4,Q0045,37,5
3,B0119,50,79
3,11374,60,49
4,10738,29,24
3,B0260,56,43
3,11445,54,19
4,Q0299,28,51
1,10222,66,12
2,X0025,77,7
3,B0020,41,37
3,B0303,58,46
3,B0406,41,56
3,11417,58,35
1,M0155,75,46
4,10201,35,40
1,M0135,69,77
5,11292,63,65
2,X0005,85,57
3,11476,43,19
4,Q0011,31,2
3,B0236,48,25
1,10744,68,19
3,11488,46,65
3,11446,60,36
3,10253,51,12
3,B0279,48,23
3,10681,43,69
2,10601,80,18
4,10221,32,51
4,Q0159,37,6
2,X0201,77,61
2,11151,83,10
3,B0139,46,40
1,M0070,73,91
3,10556,53,76
1,M0084,68,75
1,M0011,72,67
4,Q0181,25,51
4,Q0076,23,45
1,M0286,65,60
5,S0061,61,9
4,10220,37,40
3,B0077,48,53
4,Q0298,28,67
3,B0315,60,69
2,X0104,78,53
3,B0147,41,36
2,X0076,87,90
1,M0255,72,13
2,X0026,79,34
2,X0034,83,17
3,B0349,47,17
1,M0237,67,94
4,Q0032,27,67
4,Q0175,34,60
4,10199,23,42
3,B0094,47,37
4,11152,40,44
3,B0288,51,25
4,10203,30,51
3,B0250,43,73
4,Q0273,38,52
3,B0301,49,38
3,B0110,44,8
3,B0011,52,8
2,X0015,77,3
3,B0089,52,59
1,M0084,68,66
2,10616,87,80
4,11258,31,39
3,11230,58,22
2,X0039,85,19
3,11229,57,67
2,X0161,81,21
2,X0020,78,54
3,10718,54,3
4,Q0315,23,10
3,10326,58,24
3,B0317,42,14
1,M0171,76,63
4,11159,39,14
4,Q0160,31,62
2,X0034,83,20
4,Q0057,31,46
1,11191,67,17
3,B0223,60,8
3,10551,57,88
4,10560,26,1
3,B0390,59,70
4,10961,28,79
1,M0135,69,85
2,X0166,81,67
1,M0072,69,38
3,11408,44,23
2,X0157,79,82
3,B0354,50,82
3,B0291,43,7
4,Q0071,32,56
3,B0272,54,52
3,B0323,57,68
3,B0120,55,36
3,B0267,51,46
3,B0112,53,40
3,10216,44,27
3,11231,57,83
4,Q0211,30,18
3,B0328,55,99
4,Q0097,29,36
3,B0034,56,16
4,Q0251,39,40
3,B0254,60,31
4,Q0053,31,38
3,B0146,41,73
3,B0237,50,35
4,Q0108,33,37
4,Q0017,32,44
3,B0094,47,45
4,10961,28,9
3,10857,47,53
4,Q0232,34,55
3,B0362,43,12
2,X0179,81,68
3,B0320,46,35
2,X0081,79,4
3,B0343,46,69
2,X0189,79,24
2,10072,84,18
2,X0025,77,6
5,S0014,63,72
1,M0050,76,49
3,10062,45,1
3,B0374,60,33
3,B0002,54,72
4,Q0129,24,1
2,10066,86,64
4,Q0271,33,1
1,10837,76,19
4,Q0310,34,1
3,B0234,57,39
3,B0069,50,19
3,B0131,42,54
3,B0371,59,13
1,11263,71,35
5,S0004,63,56
3,10254,50,29
2,X0020,78,52
3,B0134,57,5
5,S0078,63,64
1,M0111,73,9
3,11188,52,18
4,Q0321,31,50
4,Q0036,32,19
5,S0059,62,11
4,Q0176,23,71
2,X0077,87,89
4,Q0191,35,19
3,11564,60,22
2,X0074,82,55
4,Q0050,32,17
4,Q0155,37,9
4,Q0029,32,68
1,M0018,73,82
2,X0192,79,69
3,11011,43,17
3,B0349,47,12
4,10561,37,70
3,B0292,49,57
2,10066,86,50
4,Q0005,33,47
1,M0232,74,13
4,Q0082,25,40
3,B0079,59,9
1,M0169,71,66
3,B0081,45,9
3,11107,58,36
1,M0106,72,51
3,B0142,50,50
1,11479,71,4
3,B0237,50,40
3,B0278,59,29
3,B0260,56,47
3,B0250,43,18
1,M0169,71,65
4,Q0234,28,37
3,11429,52,94
1,10569,69,57
3,B0384,45,48
4,Q0299,28,56
1,M0012,65,17
3,B0069,50,18
3,11428,54,67
2,X0152,83,71
1,M0121,70,52
1,M0262,74,41
1,10139,66,35
2,X0118,78,36
2,X0024,85,67
4,Q0039,32,64
3,B0217,41,94
2,X0205,79,51
4,Q0064,23,75
1,10410,74,23
3,B0059,60,4
4,11458,33,67
3,B0307,44,37
3,11537,55,104
4,Q0261,23,66
3,10966,53,34
3,B0375,47,24
4,Q0129,24,3
4,Q0136,26,71
2,X0179,81,70
2,11451,84,20
2,X0118,78,16
1,11533,68,56
4,10962,27,62
1,M0248,70,86
4,Q0314,38,16
5,S0035,62,56
4,Q0040,40,45
1,10465,75,42
1,11474,71,57
2,X0213,79,78
1,10432,67,95
3,10784,49,55
4,Q0176,23,38
3,B0234,57,40
2,X0179,81,73
5,S0073,64,5
1,M0014,67,37
4,Q0216,35,26
1,10577,66,2
3,11566,57,10
1,M0218,76,15
1,10465,75,50
2,X0003,87,16
4,Q0117,26,41
4,Q0176,23,83
4,Q0203,31,45
2,11151,83,3
5,S0075,63,8
2,X0103,87,44
3,11418,43,31
4,10560,26,4
4,Q0243,23,26
3,10256,59,45
1,M0218,76,6
3,B0263,55,55
4,10961,28,1
1,M0156,74,39
4,10738,29,26
2,X0210,80,40
2,X0066,87,28
4,Q0247,28,71
4,Q0234,28,38
4,Q0184,37,66
3,B0277,60,53
3,B0234,57,35
4,Q0105,33,72
4,Q0266,24,45
4,Q0048,40,32
1,M0135,69,87
3,11410,51,81
3,B0103,57,19
4,10560,26,5
3,B0197,46,4
3,B0328,55,96
1,M0142,71,15
1,10516,66,40
2,X0042,82,29
4,Q0056,40,13
3,10966,50,20
1,M0046,65,63
4,Q0200,35,2
2,X0034,83,41
3,11293,50,4
3,B0287,50,60
4,Q0049,29,41
5,S0073,64,4
3,B0349,47,18
4,Q0217,26,47
3,11230,58,26
5,11426,62,48
4,10862,38,6
3,B0255,41,47
4,11158,38,59
4,Q0076,23,48
1,M0237,67,93
4,Q0262,27,7
4,Q0064,23,64
4,Q0033,31,17
1,10928,71,41
4,10864,36,13
4,Q0254,30,5
3,10062,45,5
3,B0101,53,75
4,Q0025,31,22
3,B0382,47,31
3,B0017,42,32
1,M0171,76,53
4,Q0124,36,39
3,B0343,49,51
4,Q0160,31,63
3,11417,58,47
3,B0034,57,37
4,Q0232,30,23
5,S0024,62,28
1,10518,68,36
1,11261,72,2
2,X0053,85,14
3,B0092,45,30
4,Q0129,24,15
1,M0218,76,7
1,11193,66,37
3,11175,47,20
5,S0034,62,51
1,11508,72,7
3,B0237,50,41
3,B0024,59,64
2,10077,87,76
2,10312,84,62
2,X0103,87,45
3,B0217,41,59
5,10634,62,3
3,B0093,53,1
5,10636,61,28
1,M0019,66,60
3,10114,53,50
2,10087,86,17
3,B0256,51,80
4,11436,33,35
3,B0271,43,71
3,11454,41,20
2,X0093,78,43
3,B0193,55,51
3,11382,46,34
3,B0069,50,33
1,M0078,68,5
1,M0051,70,39
3,B0088,53,43
1,10405,70,4
3,B0104,58,19
5,S0035,64,9
2,X0153,81,17
4,Q0093,24,31
3,10217,45,53
3,B0159,46,27
3,B0275,56,11
2,11451,84,19
3,B0191,53,9
1,M0140,68,43
5,S0032,62,64
3,11175,47,34
2,X0215,85,50
3,B0131,42,48
1,M0259,72,72
1,M0111,74,82
3,11447,55,98
1,11514,68,80
1,10142,74,37
2,X0022,79,39
5,S0054,64,49
3,B0113,50,45
3,10319,41,84
3,10966,53,35
2,X0022,79,38
2,X0080,87,77
1,10524,66,56
4,Q0096,29,21
3,11118,59,53
1,M0145,72,29
5,11292,61,35
3,11471,64,80
4,Q0152,35,38
3,B0282,59,4
4,Q0025,31,24
3,B0096,41,7
4,Q0261,38,29
3,11445,54,27
4,Q0050,32,21
4,Q0012,29,70
3,B0075,56,70
3,B0076,41,1
3,B0086,47,2
4,Q0125,24,13
4,Q0050,32,13
3,11429,52,82
4,11438,30,1
3,B0301,49,40
4,Q0121,36,55
3,10333,41,68
1,M0078,68,13
2,X0203,85,26
4,Q0307,23,50
1,M0027,65,80
1,M0013,73,5
2,X0075,82,63
2,X0153,81,18
3,B0252,60,74
4,10843,28,29
1,M0072,69,17
2,10639,83,8
1,10176,73,47
3,B0089,52,26
1,10932,74,57
3,B0134,57,31
1,M0049,67,67
3,10254,50,27
1,10517,76,86
1,M0152,67,52
4,Q0140,36,25
2,X0091,77,40
3,11107,58,9
4,Q0013,32,26
4,11159,39,12
3,11244,46,72
4,10731,34,14
4,Q0016,24,75
3,B0315,60,71
5,S0062,64,15
3,10842,53,62
1,M0171,76,56
5,S0048,62,38
4,Q0115,26,38
4,Q0188,35,36
4,Q0209,30,40
4,11104,29,57
2,X0110,80,90
4,Q0300,38,33
2,10546,86,19
4,Q0152,35,61
5,S0076,64,44
4,Q0063,40,26
2,X0167,85,7
1,10516,66,14
3,10041,41,48
3,B0002,54,2
2,10066,86,52
4,Q0247,28,70
3,11566,57,7
1,10524,66,53
1,M0078,68,14
2,X0019,84,4
3,B0260,56,49
2,X0080,87,75
4,11186,38,13
4,Q0271,33,5
1,M0224,76,72
5,S0071,61,13
2,X0203,85,24
3,B0191,50,23
3,B0386,42,4
3,B0254,60,18
2,X0225,82,11
4,Q0098,25,20
1,11533,68,64
5,S0071,61,16
4,Q0216,35,62
3,11446,60,7
3,11413,53,81
2,11581,81,49
5,S0029,62,42
4,Q0209,30,39
1,M0155,75,45
3,B0059,60,17
4,Q0171,37,73
1,10463,75,30
4,Q0051,27,43
4,10735,24,71
3,B0315,58,73
1,M0013,73,8
3,B0182,46,11
4,Q0124,36,58
4,Q0304,38,41
1,M0155,75,26
2,10817,84,42
4,Q0064,23,63
2,X0028,85,69
1,M0019,66,58
1,10251,72,41
1,M0280,67,35
4,Q0098,25,17
3,B0237,50,25
1,10744,68,16
4,Q0310,34,5
3,B0217,41,5
1,10612,65,31
4,Q0116,33,23
3,B0223,55,47
2,X0234,82,84
5,11012,64,40
1,M0027,74,8
3,B0354,50,84
2,X0201,77,49
2,X0097,81,88
4,Q0145,36,49
4,10844,24,39
3,B0384,45,71
1,M0065,66,67
3,B0237,50,24
2,10420,87,73
3,10931,53,56
4,Q0262,27,3
4,10733,35,43
2,X0057,82,36
2,X0219,82,72
1,M0205,65,55
4,10962,27,63
5,10181,62,44
3,B0236,44,4
4,Q0158,40,9
3,B0332,49,25
1,M0237,67,92
1,M0234,73,74
3,B0205,52,93
2,X0006,85,82
2,X0221,79,83
1,11511,71,62
4,Q0125,24,14
1,10710,69,75
3,11245,51,28
4,Q0090,26,27
3,10254,50,32
1,11530,71,11
3,B0079,58,79
1,11511,72,4
1,M0108,68,51
4,Q0200,35,5
5,S0056,61,20
4,10561,37,20
2,X0225,82,12
3,B0301,49,39
4,Q0050,32,12
1,M0049,67,71
3,B0225,43,16
4,Q0134,35,49
4,Q0062,26,13
4,11369,35,46
2,X0024,85,63
3,B0011,52,9
1,11197,74,26
2,10072,84,33
3,B0119,50,80
4,Q0222,27,49
1,10148,68,81
1,M0027,74,9
2,X0213,79,49
3,B0340,54,24
1,10428,67,53
1,M0100,68,8
3,11411,44,74
4,Q0052,40,23
3,B0321,60,28
1,M0155,75,40
3,10258,54,28
3,B0131,42,26
5,S0043,64,29
4,Q0184,37,36
4,Q0106,23,2
2,X0121,82,24
4,Q0134,34,40
2,10690,81,1
2,X0005,79,75
3,B0185,51,50
3,10114,53,67
4,Q0056,40,4
3,11107,58,40
3,10040,58,41
4,Q0039,32,66
1,M0159,71,88
2,10210,87,39
4,Q0009,35,35
3,B0167,46,16
1,M0142,70,89
4,Q0169,26,30
3,B0384,45,49
4,Q0175,34,46
2,X0216,80,26
3,B0333,54,34
1,10261,73,61
3,B0250,43,14
4,Q0033,31,75
1,M0039,73,89
5,11480,63,50
3,B0346,56,48
5,S0078,63,66
3,B0147,59,42
3,B0305,44,54
1,10410,66,33
3,B0237,50,38
2,11151,83,4
2,X0144,84,28
3,B0205,52,87
2,X0081,86,49
3,10319,41,42
1,M0324,70,81
3,B0388,59,19
3,B0010,55,30
4,10864,36,8
4,Q0121,36,71
4,Q0117,26,68
3,10325,56,32
3,B0069,50,15
1,11499,72,68
1,M0192,66,90
4,Q0093,24,37
4,Q0011,31,6
3,B0167,46,18
1,11517,70,13
3,B0346,55,9
3,B0186,56,54
4,Q0273,38,23
1,M0166,67,44
2,X0168,84,46
3,B0034,56,15
2,10639,83,14
1,10463,75,33
3,11417,58,34
4,Q0176,23,22
3,10058,56,84
1,M0044,67,79
4,Q0275,27,2
3,10598,43,28
3,11280,56,29
1,M0319,65,72
3,B0302,60,89
4,10735,24,79
2,X0041,77,24
4,Q0071,32,58
1,10176,73,37
2,X0065,79,8
3,11501,48,14
3,10052,51,62
5,S0062,64,11
4,Q0269,27,14
2,10359,77,34
3,B0002,54,66
1,M0142,71,13
3,10217,45,54
2,X0074,82,52
4,11112,37,18
2,10591,78,34
4,11186,38,15
3,11446,60,88
3,B0355,46,53
4,Q0282,32,6
4,Q0264,38,22
4,Q0168,37,31
2,X0190,84,76
5,10596,62,18
3,B0142,50,47
4,Q0294,38,58
4,Q0085,26,57
4,Q0276,28,10
1,M0237,67,81
4,10608,34,24
3,B0136,54,39
4,Q0130,29,47
3,11452,44,58
1,11487,69,15
4,Q0178,31,59
3,B0166,52,3
4,10737,40,52
4,Q0128,30,38
3,10041,58,38
3,B0382,45,18
4,10738,29,25
4,10844,24,33
4,Q0299,28,57
3,B0022,58,4
3,B0110,44,7
2,X0216,80,28
2,10690,78,45
3,B0158,46,37
2,10097,79,73
4,Q0117,26,70
2,11146,85,28
1,11577,68,94
1,M0244,65,85
2,X0077,87,88
1,10746,72,26
2,X0166,81,57
3,B0026,59,77
4,Q0181,25,47
5,S0011,63,22
4,Q0056,40,3
4,Q0217,26,45
1,M0324,70,71
3,10326,58,80
1,10620,76,3
1,M0223,68,48
5,S0057,61,27
2,11172,86,48
4,10185,24,76
2,X0003,87,11
1,10222,66,3
1,M0302,72,45
4,Q0048,40,33
2,10712,82,15
3,11442,41,18
4,Q0191,39,10
2,X0137,80,86
4,Q0056,40,17
3,B0093,50,52
2,X0053,85,16
1,11263,71,33
3,B0367,60,81
4,Q0239,27,37
4,Q0222,27,53
4,Q0011,31,3
3,B0079,59,10
3,B0075,56,69
3,10168,51,15
3,11107,58,37
3,11407,56,50
3,B0033,48,59
2,11451,84,25
3,B0017,43,10
3,B0191,53,7
1,M0169,71,63
1,M0050,76,58
2,X0019,84,3
4,Q0251,39,48
5,10006,64,17
1,M0023,74,18
4,Q0264,38,61
3,B0106,45,14
4,10287,23,27
2,10354,83,78
5,10027,64,27
3,B0367,60,64
3,B0266,49,60
3,B0337,43,59
1,10981,67,97
4,Q0084,32,61
2,11451,84,23
2,X0093,86,24
3,11418,43,30
3,10247,53,63
2,X0007,79,26
4,Q0219,27,73
3,B0313,59,58
1,M0143,70,23
2,X0093,86,58
4,10287,23,31
3,B0211,55,66
5,10596,62,15
5,S0045,63,69
3,B0289,48,43
4,Q0299,28,60
1,M0044,67,76
2,X0104,78,50
5,10181,62,45
3,10984,41,32
4,Q0148,36,44
2,X0068,86,31
3,B0363,46,52
3,B0016,56,20
4,Q0005,33,43
2,10616,87,82
3,B0002,54,5
1,M0063,71,47
3,B0120,55,108
1,11486,70,76
1,10518,68,55
3,B0367,60,63
4,10735,24,74
3,B0048,45,68
1,M0248,70,83
4,10206,25,4
1,M0073,65,76
4,Q0033,31,76
2,X0201,84,10
4,Q0232,30,36
4,11135,37,22
3,10047,45,66
4,10561,37,21
1,M0240,71,42
4,Q0115,25,27
3,B0101,53,74
3,11430,52,27
1,10576,69,68
3,B0249,46,22
4,Q0295,33,13
1,M0245,66,66
3,11408,44,22
3,B0001,44,46
2,X0223,78,4
3,11429,44,73
4,Q0028,32,31
4,Q0180,37,28
1,M0080,74,21
2,X0186,80,17
4,Q0049,29,54
5,S0074,63,31
1,11575,71,83
3,B0030,55,89
3,B0307,44,9
3,B0026,59,8
3,B0023,60,79
4,10861,29,61
2,X0203,85,25
4,Q0148,34,38
4,Q0098,25,19
4,10453,39,33
4,Q0294,38,57
3,B0077,48,55
1,M0019,66,61
1,M0014,67,41
5,S0043,64,33
3,10984,41,30
1,M0111,73,2
3,B0089,52,64
2,X0004,77,62
1,11522,71,22
2,10817,79,60
4,Q0004,23,18
1,10750,67,60
2,X0028,85,56
1,M0249,65,51
3,10551,57,87
3,B0193,60,1
3,B0149,51,26
4,11371,35,50
4,Q0099,28,22
1,11474,71,50
3,10122,47,43
3,10437,42,20
2,X0052,86,60
2,X0091,77,70
4,10135,27,60
4,Q0053,31,74
3,B0252,60,62
4,Q0257,26,75
3,B0277,60,38
3,B0390,59,74
3,B0089,52,70
3,B0266,48,4
3,B0379,58,62
3,B0119,50,75
3,B0267,52,21
2,X0057,82,50
4,Q0278,28,13
3,B0098,55,81
1,10837,76,32
4,Q0266,24,47
3,B0093,53,3
3,B0343,49,53
4,Q0262,27,15
3,11452,44,57
4,Q0216,35,24
3,B0275,56,13
3,B0288,51,57
2,X0092,86,54
4,Q0100,26,53
3,B0238,52,36
4,Q0188,39,25
3,11410,51,10
3,11431,42,50
3,B0253,48,26
4,10609,34,28
1,M0050,76,43
4,Q0304,38,39
2,11151,83,9
4,Q0099,28,26
1,M0172,65,56
4,Q0071,32,76
4,Q0017,32,36
3,10966,50,21
1,M0142,71,12
5,10181,62,47
2,X0108,77,28
4,11104,29,58
1,10407,71,23
4,Q0125,24,10
1,10401,76,21
4,Q0315,23,7
3,B0288,51,30
4,11104,29,56
4,Q0016,31,7
1,10710,69,69
3,B0279,48,24
4,Q0117,26,50
1,M0082,71,31
1,10537,75,10
4,Q0213,37,46
4,10731,39,18
1,11220,75,82
3,B0077,48,54
1,M0171,76,52
2,11178,78,48
3,B0376,54,11
3,B0067,55,49
3,11492,55,87
2,11243,81,74
4,Q0251,39,50
1,11499,72,69
3,B0112,53,39
4,Q0009,35,58
3,10437,42,16
3,11382,46,55
3,B0252,60,75
2,X0190,84,48
4,Q0171,37,4
2,11496,78,21
2,X0168,84,43
3,B0228,51,39
4,Q0168,37,32
1,10620,76,2
3,B0250,43,2
3,B0109,54,46
1,M0012,66,10
2,10359,77,32
2,X0141,77,53
5,11240,61,56
1,M0082,71,5
1,M0218,76,5
4,Q0097,29,38
4,Q0257,24,7
3,B0079,58,65
3,11420,49,67
4,Q0106,23,3
1,M0231,75,93
2,X0093,78,46
3,B0092,41,79
2,X0077,87,71
3,B0242,51,3
3,B0272,54,81
4,Q0201,25,42
3,B0217,41,58
4,Q0140,36,23
1,M0129,73,65
3,11424,49,30
3,11386,52,1
4,Q0119,24,83
3,B0302,60,20
1,10392,75,95
3,11454,41,25
3,B0033,48,61
4,Q0140,36,43
3,B0019,48,2
4,11104,29,55
4,Q0012,29,18
4,Q0028,31,15
1,10577,65,16
2,X0064,85,3
1,11523,74,46
5,10574,61,21
3,B0067,55,43
4,10589,34,61
2,X0110,80,72
3,B0186,56,58
3,B0343,46,70
2,11581,81,50
2,X0207,83,26
3,11515,51,37
2,X0023,86,8
3,B0142,50,37
5,S0062,64,48
4,Q0004,23,14
1,M0064,68,32
5,S0061,61,11
4,Q0310,34,34
5,10596,62,17
4,10203,34,52
4,Q0062,26,16
4,10198,40,22
4,Q0124,36,36
1,M0135,69,72
4,10287,23,25
2,X0081,79,3
4,Q0056,40,7
2,10544,81,36
3,B0273,48,32
3,B0027,53,26
4,Q0105,33,44
3,11429,52,84
4,Q0005,33,48
4,10861,29,60
2,X0152,83,72
1,M0129,76,88
4,Q0015,33,46
3,B0307,44,44
2,X0118,78,31
3,10857,45,46
1,M0078,68,25
2,X0109,82,21
1,10831,76,22
4,10201,35,45
3,11407,56,80
4,10203,30,52
3,B0349,47,64
2,11496,78,20
3,B0018,56,75
2,X0026,79,42
2,X0062,85,32
4,11498,33,51
4,10220,30,19
4,Q0211,30,17
3,B0104,42,44
2,X0041,77,23
5,10006,64,19
4,10731,34,9
3,B0255,41,45
1,M0171,76,89
5,S0004,63,25
3,10041,58,50
3,10216,44,29
2,X0153,83,48
3,B0321,60,30
1,10927,70,91
2,X0003,87,12
4,11159,39,13
2,X0214,80,41
3,B0186,57,57
3,B0023,58,60
3,B0017,42,42
4,Q0294,38,56
3,11420,51,33
1,M0106,72,50
2,X0121,82,25
2,X0167,85,10
3,B0163,54,8
3,B0292,49,64
1,M0140,68,37
3,B0312,51,73
3,11442,41,14
3,B0067,55,39
4,Q0134,34,41
5,10417,64,39
4,Q0045,36,45
1,M0245,66,72
2,X0079,87,57
2,X0214,80,59
3,11419,45,25
4,Q0166,37,26
4,Q0096,33,29
2,11180,82,27
4,Q0225,27,50
1,10517,76,83
3,10839,53,60
2,X0014,83,65
3,11449,64,79
3,10470,54,40
1,M0018,73,81
1,M0218,76,8
2,X0144,84,27
4,Q0105,33,41
4,11509,30,59
3,11420,49,14
3,B0027,53,14
3,B0061,56,40
3,B0337,43,64
5,S0073,64,8
4,Q0240,27,44
1,M0114,68,53
1,M0302,72,43
1,10279,75,76
2,X0149,80,65
2,X0023,86,26
3,B0282,58,51
3,11229,57,66
4,Q0115,25,30
5,S0052,63,10
5,S0011,63,21
4,Q0175,34,47
4,Q0234,28,40
4,Q0219,27,54
1,M0143,70,25
4,Q0097,29,39
4,10208,24,54
4,Q0147,34,27
1,M0286,65,61
2,X0042,82,28
4,Q0291,23,57
1,M0111,75,54
2,X0186,80,16
3,10256,59,44
4,Q0240,27,36
3,10187,43,51
1,M0053,74,80
2,X0165,81,90
3,B0037,43,38
4,10206,25,1
2,X0109,82,22
1,M0278,71,2
3,B0278,59,20
1,M0051,70,38
3,B0022,58,6
2,X0161,81,22
3,B0226,53,70
4,Q0085,26,60
2,X0080,87,70
1,11483,70,78
1,M0155,75,39
4,11371,35,59
4,Q0257,24,5
3,B0302,60,21
1,M0142,70,62
1,M0218,76,12
3,B0191,53,10
3,B0060,45,64
1,M0237,67,80
1,M0313,74,91
3,11488,46,63
2,X0127,82,48
3,10123,48,17
1,10119,75,4
3,10043,60,39
3,B0086,47,6
4,Q0254,30,3
3,B0149,64,94
4,Q0032,27,57
3,B0020,41,49
5,S0072,62,33
3,B0113,50,43
5,10298,63,28
3,B0046,55,102
4,Q0056,40,2
3,B0258,57,54
1,11270,69,66
2,X0035,77,16
1,M0012,65,22
3,B0141,45,62
4,Q0318,37,13
1,M0082,71,32
4,Q0074,25,44
4,Q0294,38,55
3,B0247,52,33
4,Q0130,29,48
4,10208,24,62
3,B0196,45,73
2,X0017,82,58
1,M0129,73,69
3,B0256,51,16
2,10546,86,12
1,10440,70,26
4,10135,27,61
1,M0083,76,68
3,B0340,54,13
4,Q0124,36,38
4,Q0272,39,17
3,11535,52,24
3,B0098,55,82
5,S0031,63,40
2,X0079,87,67
4,Q0197,23,34
3,B0338,56,31
3,B0166,52,115
1,M0231,67,12
4,Q0184,37,35
2,X0092,78,12
3,B0376,54,12
2,10346,77,31
2,11496,78,22
3,B0020,59,18
4,Q0062,27,51
1,M0024,65,32
3,10217,41,81
3,B0119,50,100
1,M0334,74,32
2,X0017,80,30
1,10932,74,68
3,B0315,60,73
3,B0014,59,49
2,10546,86,18
2,X0121,82,20
2,X0068,86,34
2,X0052,86,41
4,Q0171,37,72
4,Q0182,25,56
1,M0018,73,87
3,B0126,50,91
2,X0091,77,42
5,S0056,61,19
5,S0034,62,53
2,X0007,79,25
3,B0196,46,46
5,S0057,63,41
4,Q0148,34,48
3,B0386,42,72
4,Q0266,27,16
3,B0254,60,15
3,B0234,57,34
3,11293,50,26
1,M0173,68,67
1,11095,76,33
2,X0112,79,66
2,X0075,82,60
3,11447,55,77
2,10090,79,19
5,10181,62,62
3,B0101,54,23
3,10253,51,22
3,B0312,52,106
4,Q0279,24,30
3,B0271,43,52
2,X0140,82,53
3,10437,42,17
1,11194,76,79
3,B0191,53,8
4,Q0090,26,22
4,Q0132,31,56
3,B0275,56,14
1,M0212,75,71
3,11420,49,3
5,10858,63,14
3,10043,60,41
3,10450,57,70
1,M0134,68,21
3,B0046,56,65
4,11438,30,20
3,B0339,57,71
1,10385,68,27
3,11448,55,73
1,M0288,74,27
4,10453,39,32
2,X0234,82,87
2,X0112,84,36
2,X0210,80,44
4,10609,34,30
4,11438,30,10
3,B0325,60,61
4,Q0206,25,41
4,Q0262,27,6
4,Q0310,34,2
3,11269,48,29
1,10516,66,18
3,11431,42,47
1,M0114,68,52
4,Q0237,30,14
3,11445,54,29
4,Q0148,34,45
3,B0026,58,71
2,X0097,81,85
1,M0173,68,71
3,10450,57,59
4,Q0310,34,3
3,B0034,57,21
3,10984,41,34
3,B0163,54,7
4,Q0318,37,17
3,B0300,49,16
3,11246,49,1
4,Q0206,25,43
5,11505,61,2
3,10160,53,32
2,X0168,84,72
2,X0234,82,85
4,Q0124,36,57
3,B0263,55,38
4,Q0217,26,46
3,11251,44,72
2,X0081,79,67
1,M0024,65,34
1,11511,72,6
2,X0013,77,47
2,X0188,85,38
1,10392,75,66
4,Q0108,33,61
2,10603,83,22
1,M0160,71,90
4,10962,27,65
3,B0112,53,29
3,B0272,54,55
1,11260,65,38
1,10099,75,18
3,B0236,44,21
3,10168,51,18
4,Q0310,34,6
3,B0363,46,60
1,M0065,66,68
3,10933,58,64
3,11442,59,38
1,M0082,71,7
4,Q0082,26,36
4,Q0298,28,68
2,10544,81,35
3,11286,52,43
5,11155,62,9
2,X0003,87,13
4,Q0047,32,29
3,10123,48,18
3,B0386,42,6
3,B0144,42,38
1,M0173,68,69
3,B0014,58,59
1,M0224,76,77
3,11420,49,5
1,10837,76,25
2,X0153,83,54
1,M0300,72,37
3,11452,44,59
4,Q0205,25,49
4,10220,30,16
4,Q0166,37,25
4,11372,23,11
3,B0112,53,38
5,10636,61,30
3,10122,47,67
2,X0157,79,35
1,M0078,68,12
3,11543,60,84
3,B0089,52,90
5,S0047,63,47
1,M0015,68,85
3,B0133,52,103
3,B0267,52,80
4,Q0011,31,1
3,10040,58,49
2,10024,82,59
1,M0237,67,78
4,Q0109,33,24
4,Q0082,26,54
3,B0061,56,38
4,Q0147,34,25
3,11472,59,59
2,11146,85,30
3,B0238,52,40
3,11406,53,16
1,M0121,70,50
3,B0110,44,19
1,M0050,76,45
4,Q0032,27,68
1,M0122,70,46
5,S0023,61,46
4,Q0174,26,32
4,Q0276,28,4
4,Q0181,25,50
4,Q0124,36,37
4,Q0016,31,12
1,10524,66,54
4,10735,24,73
1,M0302,72,44
3,B0096,41,8
4,10585,38,10
4,10929,32,46
4,Q0087,31,36
1,M0046,65,66
4,Q0044,23,60
2,X0127,82,49
3,B0026,59,7
1,M0129,76,30
3,10678,41,90
1,10744,68,3
1,10410,66,32
1,10393,65,33
5,S0023,61,48
3,B0144,42,64
3,B0355,46,57
1,M0231,67,9
4,Q0275,24,66
3,B0256,48,8
3,B0345,49,54
3,B0035,50,67
3,11442,59,37
1,11479,71,3
2,X0098,78,58
1,M0287,71,73
2,X0039,85,18
3,B0289,48,69
3,B0157,60,45
2,10212,82,107
5,S0047,63,46
2,X0087,86,30
1,M0050,76,40
2,X0149,80,87
2,X0021,83,55
5,S0023,61,34
1,10440,70,28
4,Q0079,26,10
1,M0236,65,44
2,10087,86,11
2,X0041,77,19
2,X0053,85,15
2,X0092,86,53
3,B0216,52,63
1,M0245,66,78
2,X0006,85,60
1,M0280,67,100
1,10611,65,92
5,S0048,62,36
3,B0331,43,72
2,X0014,83,59
3,B0371,59,14
4,Q0115,25,29
5,S0011,63,23
3,11515,51,38
3,B0300,49,42
5,11292,63,59
3,B0057,53,53
2,X0055,86,43
1,M0072,67,99
4,Q0086,25,13
3,11385,49,10
2,10652,80,62
2,X0186,80,21
4,10862,37,53
3,B0300,49,22
5,11441,61,52
3,B0288,51,65
4,Q0314,38,28
4,Q0013,32,16
3,10058,56,71
3,B0057,53,54
3,11476,43,23
3,B0306,56,4
4,Q0092,29,33
1,M0111,73,1
3,B0179,60,3
4,10198,40,25
2,X0017,80,1
2,11496,78,25
2,X0224,84,67
3,10437,42,19
2,10097,79,72
1,10176,73,40
3,B0226,54,31
1,M0218,76,10
4,Q0048,40,34
4,Q0295,33,18
4,Q0140,36,30
1,M0080,74,20
2,X0166,81,56
4,Q0309,28,18
3,10048,46,32
3,B0289,48,44
3,B0113,50,46
5,S0001,61,61
3,B0234,57,41
4,Q0282,32,10
5,S0014,63,74
3,10295,44,36
4,Q0251,39,42
3,B0388,59,24
2,X0013,77,58
3,11454,41,29
4,Q0234,28,35
4,10735,24,72
1,M0278,70,85
2,X0093,86,15
4,Q0188,39,20
4,10203,34,51
4,Q0125,24,11
2,X0021,83,75
4,Q0039,32,67
4,11509,30,58
3,10058,56,74
4,Q0254,30,2
3,B0291,43,8
2,X0062,87,33
2,X0066,87,27
3,B0103,50,85
1,M0156,74,83
1,M0244,65,86
1,10405,70,12
2,X0065,86,44
2,10078,85,47
4,Q0176,31,61
3,B0191,53,11
3,10319,41,61
3,B0067,55,50
3,B0134,57,18
3,B0067,55,40
4,Q0210,38,1
5,S0004,63,26
2,11180,82,23
3,B0149,51,58
3,11170,45,16
5,S0035,64,10
2,X0004,77,54
1,M0122,70,47
4,Q0139,36,16
5,S0047,64,34
1,10119,66,83
2,X0028,85,70
1,10309,65,45
4,Q0166,37,64
4,10732,30,29
4,Q0057,31,42
3,B0272,54,57
4,Q0116,33,26
2,X0008,84,13
3,B0089,52,65
1,M0231,75,85
4,Q0210,37,56
2,X0101,80,67
2,X0178,84,51
5,10010,62,61
5,10574,61,23
1,M0014,67,38
4,Q0262,27,4
2,X0213,79,46
2,X0132,80,63
3,10216,44,26
3,B0187,52,34
2,X0237,81,64
3,10597,56,37
1,M0191,74,17
3,B0336,60,26
4,10585,38,9
2,X0186,80,20
2,X0065,79,9
5,S0052,63,73
1,10465,75,36
3,B0289,48,38
1,M0255,72,15
4,Q0199,35,12
5,S0022,64,52
2,X0189,79,20
3,B0096,41,9
4,Q0099,28,23
1,10307,65,53
2,10346,77,21
3,11488,46,64
4,Q0087,31,34
3,B0058,46,47
4,11239,28,75
5,S0017,61,25
1,11474,71,53
3,B0135,55,24
3,11230,58,81
4,Q0246,23,21
3,B0107,57,25
1,11270,69,65
2,X0091,77,44
2,X0020,81,7
4,Q0307,23,52
1,M0232,74,12
3,B0033,48,66
2,X0201,84,80
3,B0024,59,71
5,S0046,61,12
4,10199,23,32
3,B0387,42,37
3,B0212,52,7
2,11114,77,11
1,M0111,75,55
2,X0205,79,45
1,11489,68,63
1,10527,75,9
1,M0223,68,49
3,B0208,45,40
1,10445,68,86
5,11201,63,60
4,10208,24,42
1,M0050,76,35
3,B0243,51,19
2,X0153,83,51
4,Q0090,26,24
2,X0153,83,52
1,M0015,68,84
4,11498,33,49
4,Q0017,32,38
3,B0139,47,59
5,10008,62,23
3,11450,55,59
3,10326,58,25
3,11293,50,8
3,B0250,43,1
4,Q0109,33,27
3,B0312,51,74
1,M0152,67,50
4,Q0036,32,20
3,B0048,45,69
3,B0250,57,90
2,X0003,87,10
2,10591,78,29
3,B0103,57,22
1,10434,75,75
1,M0046,66,16
3,B0300,49,58
4,Q0282,32,9
3,B0387,44,28
3,B0163,54,9
3,B0080,49,27
4,Q0136,26,73
1,10611,65,9
2,X0188,84,75
2,X0231,81,13
2,X0004,77,64
4,Q0144,26,67
2,X0165,81,87
2,X0065,79,10
5,S0050,61,8
4,Q0193,26,34
4,Q0016,31,9
1,M0224,76,70
3,B0376,56,18
1,11255,65,1
2,X0055,79,29
3,11414,57,13
2,X0190,79,59
3,11170,45,15
2,X0065,79,7
1,M0043,67,56
4,Q0131,29,45
5,S0048,62,40
4,Q0084,32,62
3,11175,47,28
1,M0063,71,46
3,11478,55,14
3,B0307,44,41
3,B0134,57,94
4,Q0271,33,3
3,B0157,60,46
3,B0019,48,7
2,X0177,80,47
1,M0051,70,36
1,M0255,72,21
1,11169,68,60
1,M0300,72,19
3,B0196,46,45
2,X0007,79,27
4,10735,24,63
4,Q0140,30,35
4,Q0248,25,8
3,11251,44,63
4,Q0049,29,52
3,B0238,52,37
1,10981,67,96
4,Q0142,40,47
4,Q0280,28,17
3,10785,56,24
3,10040,58,39
4,Q0132,23,37
3,B0079,59,82
3,B0055,55,28
2,X0055,79,74
3,11248,55,16
2,11114,77,10
4,Q0169,26,28
1,11169,68,58
3,11493,46,38
4,Q0314,38,17
2,X0003,87,9
4,Q0082,26,37
3,10450,57,65
3,B0382,47,27
2,X0203,87,85
2,X0156,81,27
3,B0141,45,60
3,B0238,52,39
4,Q0203,31,64
4,Q0076,23,46
1,M0288,74,25
3,B0294,52,100
5,10181,63,5
3,B0185,51,66
2,X0098,78,62
1,10099,75,21
3,B0016,54,18
1,M0160,71,89
5,S0062,64,13
3,B0241,55,62
3,B0245,46,21
3,B0197,46,5
3,11442,59,35
1,10553,74,70
2,X0021,83,56
2,11172,78,11
1,11270,69,67
5,10012,64,18
3,10040,58,42
1,11524,66,19
4,10206,25,2
2,11004,87,68
3,B0131,42,73
3,10784,49,56
3,B0147,59,46
3,11374,60,50
2,X0203,85,71
3,11566,57,8
1,M0019,66,47
4,Q0079,26,11
2,10359,77,35
4,Q0254,30,8
4,Q0048,40,42
3,B0104,42,46
3,B0191,50,56
1,10222,66,6
2,10346,77,22
5,S0032,62,73
2,10652,80,14
3,B0001,44,14
4,11371,35,51
1,M0024,65,59
4,Q0140,36,24
3,10333,41,69
3,11543,60,86
2,X0042,87,46
3,11237,54,49
5,10008,62,22
4,Q0093,24,38
4,10206,25,3
4,11284,36,10
3,B0257,53,41
1,M0046,65,24
3,B0286,53,28
1,M0128,74,66
2,X0003,87,15
3,10254,50,30
1,M0231,67,8
3,B0208,45,36
1,M0081,70,40
4,Q0239,27,38
3,10046,45,29
3,11450,55,61
4,Q0240,27,24
1,M0019,66,76
2,X0104,81,8
1,M0231,67,13
2,X0207,80,55
1,10099,75,15
4,Q0250,24,20
2,10690,78,59
5,10181,63,6
4,Q0318,37,14
2,X0161,81,24
5,S0059,62,31
4,Q0121,36,66
3,B0338,56,61
4,Q0033,31,67
1,M0064,68,30
3,B0376,54,17
3,B0079,58,75
3,B0205,52,86
3,B0196,45,67
3,11515,51,36
1,M0021,69,70
4,Q0301,34,13
1,M0173,68,54
4,Q0029,32,69
3,B0216,52,57
2,X0108,77,27
3,B0253,48,27
3,B0388,59,23
4,Q0232,30,28
4,Q0248,25,11
4,Q0273,38,60
2,X0166,81,63
1,M0280,67,28
3,10253,44,64
5,S0014,63,62
1,M0245,66,73
2,11153,81,81
4,Q0248,25,7
3,11429,52,83
3,11190,53,59
4,Q0134,36,69
1,M0050,76,51
4,10221,32,53
1,M0053,74,79
4,Q0226,25,26
3,B0104,42,74
4,11258,31,21
4,10589,39,35
3,11382,46,59
1,M0255,72,22
2,11243,81,75
3,11250,48,62
4,Q0005,33,53
1,11287,74,54
4,Q0121,36,53
4,Q0016,31,4
1,M0018,73,86
3,B0203,45,75
3,10682,60,35
3,B0106,45,22
1,M0018,73,80
2,X0153,83,45
3,B0198,54,68
3,B0288,51,31
1,10516,66,15
4,Q0315,23,8
3,B0382,45,8
3,11537,56,63
3,B0382,47,26
4,10861,29,66
4,Q0227,28,62
3,B0260,56,45
1,M0169,71,67
3,B0303,58,13
3,11420,51,32
1,M0078,68,7
2,X0098,78,37
4,Q0145,36,5
1,M0072,69,37
3,B0126,50,92
4,Q0125,24,59
1,M0129,73,70
3,10333,41,72
4,Q0240,27,26
5,S0001,61,58
4,Q0051,25,64
4,Q0314,38,18
3,B0026,59,86
5,S0031,63,37
5,11171,61,49
5,10634,62,5
3,B0362,43,49
1,M0244,65,5
4,10862,38,5
3,B0019,48,1
3,B0323,57,72
4,Q0321,31,73
4,Q0147,34,26
3,B0375,47,25
1,M0265,66,49
4,Q0129,26,72
1,M0080,74,19
4,Q0282,24,60
1,10553,74,81
1,M0280,67,101
3,B0250,57,89
3,B0349,47,19
3,B0177,43,40
4,10864,36,18
3,B0090,52,69
3,11188,52,19
1,10569,69,59
4,Q0152,35,37
4,Q0126,25,24
2,10603,83,24
2,X0183,78,1
3,B0217,41,13
3,11170,45,20
4,Q0171,37,3
2,10312,84,63
4,Q0276,28,11
2,10072,84,29
1,M0169,72,12
2,11496,78,13
1,10385,68,26
1,M0081,70,45
2,X0138,81,96
2,X0039,85,21
1,M0232,74,11
3,10785,56,25
2,10601,80,6
4,Q0272,39,15
2,X0224,84,68
3,B0294,51,7
2,X0042,87,65
4,Q0090,26,26
1,10148,70,21
4,Q0261,38,27
2,10077,87,74
1,10119,66,89
4,Q0275,27,5
3,B0271,58,15
5,S0045,63,53
3,11432,44,53
4,10221,32,52
4,Q0035,23,23
1,M0143,70,24
2,X0039,85,20
4,Q0216,28,59
3,B0017,42,39
1,10932,75,32
4,Q0097,29,12
4,Q0251,39,43
1,M0302,72,39
3,B0345,49,63
4,Q0279,24,29
4,Q0148,34,33
3,B0292,49,46
1,M0234,73,71
3,11231,57,92
3,B0217,41,12
2,X0157,79,33
1,10401,76,16
2,X0132,80,61
3,B0146,41,74
1,M0026,70,64
3,11537,55,32
4,Q0071,32,75
2,X0131,84,39
3,10114,53,64
1,11474,71,52
2,10210,87,72
3,B0406,41,17
3,11543,60,83
3,B0307,44,39
1,M0081,70,42
4,Q0202,25,66
1,M0028,71,18
1,M0289,69,45
1,M0239,65,46
3,B0346,56,46
2,X0067,86,36
1,M0224,76,64
1,10119,66,84
2,X0098,78,9
1,M0240,72,1
1,M0078,68,20
1,M0050,76,42
1,M0108,68,50
3,11471,64,88
4,Q0079,40,5
3,B0093,50,54
3,11492,55,88
1,10993,69,96
1,M0072,69,33
2,X0017,80,3
4,Q0232,34,53
1,10577,66,1
4,Q0226,25,22
3,B0354,50,83
2,X0093,78,60
4,Q0108,33,64
3,11454,41,91
3,B0023,58,77
3,11452,44,56
4,10589,39,36
4,Q0171,37,71
4,Q0039,32,65
1,10306,65,54
3,B0279,48,22
3,B0134,57,30
1,10261,73,58
5,S0057,61,32
4,Q0238,30,26
2,X0109,82,18
3,10217,45,52
4,11258,31,48
3,B0208,45,31
4,Q0140,36,29
5,11480,63,51
4,Q0151,26,62
3,B0155,60,58
3,B0331,43,45
1,10517,76,84
1,M0224,76,75
2,X0209,85,54
1,11255,65,89
3,B0024,59,72
3,B0240,46,30
4,Q0131,29,44
2,X0229,82,4
4,Q0166,37,39
4,Q0188,35,7
3,B0177,43,77
3,B0205,52,85
2,X0215,85,51
3,10217,45,51
3,11493,45,43
2,X0003,87,21
3,B0277,60,55
1,M0187,66,4
1,M0028,71,19
2,X0110,83,25
4,Q0015,33,38
4,10220,37,43
4,Q0276,28,8
4,Q0062,26,77
4,Q0245,25,58
2,X0204,85,46
3,10172,56,72
3,11566,57,9
1,M0072,69,40
1,M0160,71,91
3,11150,42,33
3,B0103,57,20
3,B0305,44,18
4,Q0052,40,38
2,X0207,83,27
4,11186,38,12
1,10147,69,76
3,B0284,60,52
5,S0043,64,30
4,Q0139,36,19
3,B0144,41,50
2,X0214,80,38
2,10601,80,19
5,S0025,63,75
1,M0187,66,5
4,Q0201,25,38
4,Q0307,23,49
3,B0055,55,25
3,B0216,52,61
3,B0120,55,29
3,B0136,54,73
1,M0135,69,80
2,X0092,86,56
1,M0300,71,82
2,X0183,78,3
2,X0143,83,32
2,X0191,79,65
4,10221,32,50
3,B0093,50,53
4,Q0099,28,27
4,Q0096,33,32
2,X0013,77,71
1,10522,69,100
1,M0324,70,72
4,Q0219,35,31
3,B0076,41,4
3,11414,57,12
1,M0215,70,92
3,10366,50,5
1,11260,65,39
2,X0023,86,27
3,B0058,46,36
4,11110,24,56
1,M0011,72,66
5,S0032,62,66
3,B0313,59,83
2,10859,83,28
5,10012,64,20
4,Q0254,30,6
3,B0011,52,104
2,X0019,84,2
3,10470,54,60
3,B0080,49,34
5,10008,62,24
1,M0145,72,28
3,B0144,42,65
3,10557,57,80
4,Q0111,36,3
3,10333,41,65
3,B0312,51,68
2,11467,87,48
1,10553,74,77
3,10967,55,80
2,X0141,77,51
3,10325,56,33
2,10359,77,36
4,Q0280,38,19
3,B0339,52,75
3,B0017,42,58
3,10597,56,39
3,B0033,48,65
4,10691,26,74
4,11041,40,28
1,M0083,73,92
4,Q0106,23,1
3,10158,46,31
2,X0101,80,66
5,S0057,61,31
2,X0132,83,35
3,B0023,58,76
2,X0160,84,70
3,11411,44,77
1,10569,69,52
4,10585,37,55
2,X0153,81,19
1,M0049,67,70
4,Q0288,29,3
1,M0234,73,73
3,B0146,41,71
4,Q0112,36,41
5,S0062,64,12
3,B0018,56,76
2,X0179,81,69
4,Q0278,28,2
3,B0317,42,13
2,X0213,79,47
2,X0207,80,57
3,B0042,49,52
1,M0043,67,62
2,X0067,86,35
3,B0144,42,69
4,Q0295,33,14
3,B0081,45,4
3,11374,60,51
3,B0291,43,25
2,X0113,82,8
4,Q0222,27,47
3,B0027,53,13
1,M0317,70,3
5,11005,63,44
3,10048,46,9
1,10928,71,40
4,Q0053,31,40
3,10933,58,58
5,S0034,62,52
2,X0138,81,107
3,B0075,56,59
5,11480,64,35
1,10612,65,30
4,Q0237,28,77
1,M0121,70,59
1,M0106,72,55
3,B0396,51,70
2,10078,85,44
4,Q0011,31,5
3,B0226,54,32
1,M0039,73,13
4,Q0315,23,6
4,Q0145,36,26
4,Q0049,29,53
5,10417,64,37
1,M0319,65,74
2,X0091,77,39
4,Q0222,28,53
3,B0236,48,71
1,M0234,73,72
3,B0096,45,12
1,10148,70,17
1,10516,66,21
1,11287,74,58
4,10609,34,29
3,10931,53,46
2,X0013,77,45
3,B0096,45,13
3,B0081,48,50
4,Q0152,35,13
3,B0255,58,31
4,Q0142,40,49
4,10733,35,42
2,X0028,87,31
2,10078,85,45
2,X0065,79,11
1,M0014,67,102
3,B0379,58,55
3,B0126,50,87
1,10142,74,35
3,B0321,60,29
2,X0166,81,59
4,10732,30,27
3,B0383,41,63
4,10221,32,39
3,11432,44,86
4,Q0033,31,70
4,Q0219,27,58
2,X0130,81,10
3,B0101,54,20
3,B0378,49,17
5,11426,62,49
4,Q0184,30,42
1,M0073,65,75
3,B0278,59,28
4,Q0174,26,33
4,Q0132,23,36
1,M0289,69,25
4,11438,30,11
3,B0387,42,24
1,10516,66,46
1,M0046,65,64
3,B0363,46,61
3,B0323,57,74
1,M0068,67,42
1,10746,71,10
4,Q0033,31,20
1,M0289,69,46
3,11445,54,64
3,B0117,56,9
3,B0386,42,3
2,10616,85,6
4,Q0113,37,68
1,M0215,70,9
3,11493,46,39
4,Q0166,37,69
2,X0183,79,1
3,B0094,47,35
1,M0171,76,48
3,B0026,58,70
3,B0396,51,71
4,Q0105,33,42
4,10208,24,55
3,B0336,60,25
2,X0121,82,43
3,B0386,42,15
2,X0138,81,98
1,M0173,68,68
3,B0357,44,25
4,Q0112,36,62
3,11566,50,94
2,X0076,87,4
4,Q0112,36,63
2,X0132,83,36
4,Q0200,35,4
2,X0027,84,53
4,Q0274,23,15
3,10051,48,11
2,11451,84,26
2,X0066,87,26
4,Q0134,34,39
3,B0349,47,11
4,Q0219,35,34
1,M0043,67,54
2,X0156,81,28
1,11483,70,77
3,11476,43,24
2,X0166,81,58
3,B0376,54,16
4,11110,24,40
3,B0225,43,15
3,11447,55,75
2,X0161,81,23
4,Q0232,30,37
1,M0169,71,64
2,X0019,84,5
5,10010,62,54
1,11287,74,59
3,10048,46,10
4,10585,37,52
4,11182,30,67
5,S0029,62,27
3,11150,42,1
4,Q0117,26,51
3,10043,60,40
4,Q0144,26,52
3,B0059,60,76
1,M0128,74,65
4,11239,28,74
1,11522,71,21
4,Q0202,26,44
3,B0291,43,4
3,10052,51,61
3,B0014,59,47
1,10710,69,104
3,10984,58,28
4,Q0139,36,52
2,X0014,83,58
3,B0294,52,45
2,X0026,79,40
3,B0163,56,17
4,Q0140,36,27
3,11188,52,20
3,11150,42,5
4,Q0266,24,50
4,Q0205,25,48
1,10516,66,42
3,11385,49,61
4,Q0222,27,48
3,B0058,47,1
1,M0155,75,22
4,Q0140,36,22
4,Q0239,27,39
5,S0078,63,67
2,X0080,87,83
4,Q0053,31,29
1,10176,73,38
3,B0274,46,26
3,B0081,45,10
3,B0323,57,79
4,Q0251,39,51
2,X0025,77,8
2,X0219,82,75
1,M0067,68,87
3,B0177,43,35
3,B0158,47,68
3,B0176,57,42
1,M0159,71,87
4,Q0240,27,1
4,Q0032,27,59
3,11454,41,24
3,B0212,52,22
3,11449,64,77
3,B0223,54,71
3,B0212,52,5
4,Q0130,31,44
1,11511,72,5
3,B0282,59,3
4,Q0256,24,9
5,11005,63,43
4,Q0032,27,66
3,11149,44,60
1,10746,72,38
3,B0060,45,59
4,Q0252,27,21
3,B0288,51,64
3,B0203,45,65
3,B0134,57,33
2,X0188,85,39
3,B0301,49,23
3,11449,64,75
2,11153,81,82
5,S0034,62,50
4,Q0158,40,20
4,Q0056,40,15
2,X0140,82,51
4,Q0015,33,45
1,M0049,67,69
1,10837,76,24
1,M0175,70,67
3,B0243,44,85
2,X0081,79,2
3,B0242,51,2
4,Q0145,36,4
2,X0179,81,79
3,B0096,45,24
3,11382,46,58
4,Q0129,24,4
2,11456,83,68
2,10072,84,32
3,B0119,50,76
3,B0187,52,30
4,Q0029,32,70
2,X0137,81,93
2,X0014,83,63
3,11417,58,33
4,11157,37,58
1,10569,69,56
4,Q0140,36,51
1,11287,66,38
1,10393,65,35
3,B0035,50,72
2,X0103,82,30
3,B0383,41,64
1,11260,65,42
1,11194,73,93
2,10210,87,37
4,Q0273,38,53
1,11524,65,68
3,11148,47,41
2,X0186,80,15
1,M0135,69,92
3,B0235,48,19
3,B0277,60,37
3,B0382,48,52
1,M0028,71,20
2,X0189,79,76
2,X0053,85,17
3,B0088,53,44
1,M0050,76,50
5,S0017,61,22
3,B0349,47,65
3,B0012,53,21
5,S0052,63,17
2,X0137,80,85
4,Q0271,33,4
2,X0118,78,61
3,B0406,59,36
2,11581,81,54
4,Q0304,38,38
3,B0019,48,3
1,M0244,65,3
4,Q0238,30,21
2,11172,86,21
4,Q0299,28,58
5,S0026,64,6
3,B0119,53,78
3,B0390,59,67
3,B0079,59,11
1,M0082,71,8
4,Q0277,33,12
4,Q0033,31,77
3,B0027,53,23
3,B0080,47,4
3,10333,41,67
2,10346,86,1
2,11178,78,49
3,B0279,48,16
1,M0043,67,55
4,Q0277,33,11
3,B0374,60,32
4,Q0279,24,27
4,Q0116,33,21
3,B0390,59,75
4,Q0254,30,4
3,11449,64,78
3,10718,54,65
4,Q0148,36,70
4,Q0009,39,6
1,10410,74,33
5,11005,63,42
1,M0171,76,60
2,11451,84,60
1,M0082,71,30
3,B0014,58,82
2,X0004,77,55
3,B0320,49,47
4,Q0062,26,18
2,X0152,83,73
2,X0143,83,40
4,Q0086,25,59
1,M0027,74,6
3,B0062,58,67
4,10862,38,7
3,B0110,44,20
3,11188,52,17
2,11172,78,64
1,M0169,72,77
4,10929,32,47
1,M0286,65,58
1,11508,72,9
4,Q0086,25,14
5,10634,62,7
1,11194,76,80
3,10967,55,91
5,11648,62,71
5,10010,62,88
4,Q0227,28,86
3,B0261,46,84
1,10768,71,109
2,11466,87,99
4,11388,32,81
4,11688,32,5
2,X0225,82,17
1,10465,75,102
1,11518,70,100
1,M0195,75,38
2,X0111,81,4
2,X0111,81,2
4,10698,36,78
4,Q0226,25,77
1,M0287,71,97
5,11647,62,12
3,B0191,53,84
2,11689,81,42
1,11457,76,92
2,X0205,79,89
3,10052,64,76
1,11518,70,101
4,Q0109,33,76
4,Q0113,37,86
4,Q0166,37,83
2,X0091,77,80
3,10052,51,77
3,11445,54,89
2,X0071,86,2
5,S0045,63,83
5,11647,62,82
1,M0018,73,98
4,10201,35,65
4,Q0012,29,74
3,B0172,46,73
1,M0198,75,43
1,M0018,73,97
5,S0029,62,84
1,11620,72,88
1,M0082,72,83
4,11528,37,60
4,Q0099,28,80
3,11621,42,52
2,X0066,87,96
5,10596,62,80
1,M0012,65,94
4,11687,24,58
4,11681,37,54
4,11041,40,57
1,M0051,70,111
2,X0032,80,33
4,Q0032,27,87
2,X0108,77,29
3,B0375,47,30
3,B0278,59,80
4,10509,29,32
3,B0396,52,122
3,B0149,51,85
3,B0216,52,91
3,10123,48,72
3,B0225,43,80
2,X0082,87,100
3,11148,47,42
1,10438,69,105
2,X0076,87,5
1,11690,65,26
2,X0133,80,94
1,M0152,75,100
3,B0314,64,85
3,B0020,59,87
1,M0169,71,98
4,Q0088,29,10
1,10148,68,100
3,B0260,56,90
4,Q0082,25,73
1,10463,75,51
1,11609,71,75
3,B0048,45,79
4,Q0016,31,81
1,00016,66,20
4,Q0117,26,81
1,11642,68,45
5,10008,62,75
4,10864,36,77
4,11182,36,76
1,M0018,76,97
4,Q0073,25,70
1,M0326,69,21
3,B0113,50,97
4,Q0228,27,40
4,11628,37,79
1,11634,73,66
3,B0225,43,81
4,Q0130,29,78
1,M0152,67,36
1,11529,67,108
3,B0312,52,125
4,Q0130,31,83
3,B0046,56,81
1,M0082,72,82
1,11690,65,28
2,X0108,77,25
3,B0362,43,47
1,M0212,75,73
3,11629,56,35
4,Q0124,36,81
2,X0032,80,35
1,10401,76,101
4,11668,37,75
3,B0294,52,111
1,M0254,72,97
4,10735,24,87
4,10560,26,79
4,Q0180,37,82
3,B0133,44,92
3,10048,46,12
5,10596,62,81
4,11182,30,78
1,M0044,67,66
3,10253,51,83
4,11597,38,43
4,Q0264,38,67
1,M0019,66,93
1,M0073,65,99
1,M0326,67,114
5,10010,63,87
3,B0197,46,2
3,B0396,51,84
3,B0390,59,81
4,Q0073,27,30
1,11399,66,100
2,X0035,77,12
4,11652,37,49
3,11450,55,79
4,11686,31,57
4,11597,38,20
3,B0161,46,28
3,11621,42,53
5,11645,62,60
3,B0058,47,71
3,11420,51,75
3,B0340,54,84
5,S0062,64,65
1,10279,75,115
3,B0010,55,22
4,11158,38,71
4,11371,35,66
3,10681,43,70
3,B0187,52,108
3,11535,57,106
2,X0052,77,17
2,11574,82,46
1,M0145,72,89
2,X0076,87,6
4,Q0296,23,20
3,B0022,58,84
3,10470,54,88
3,10052,51,76
4,Q0232,30,75
1,11685,68,88
4,10608,34,67
1,M0129,76,47
1,10463,75,29
4,Q0063,40,56
5,S0072,62,32
3,B0348,64,98
4,10844,25,15
4,11597,38,42
2,X0156,81,30
3,10053,54,85
1,10434,75,74
3,B0131,42,78
3,10551,57,96
5,11645,62,65
5,S0062,64,69
5,10010,64,67
2,X0067,86,71
4,11164,33,16
4,Q0128,30,79
5,S0048,62,74
1,M0064,68,104
3,11644,55,69
4,Q0051,27,89
1,M0171,76,99
3,11449,64,93
2,X0082,87,58
3,00046,47,70
4,Q0011,31,80
3,B0375,47,69
4,Q0296,31,30
3,10450,57,104
2,X0025,77,78
1,10612,65,29
2,X0178,85,41
3,B0042,49,65
2,X0178,84,85
1,M0152,67,59
1,10522,69,108
3,B0104,42,80
1,M0015,68,108
3,11410,51,86
2,X0168,84,47
2,X0137,80,95
2,X0062,87,36
2,X0082,87,59
3,B0167,46,81
2,X0133,80,75
1,10099,75,111
1,11634,73,105
1,M0198,75,112
1,10547,66,104
2,X0156,81,29
4,Q0045,36,12
1,M0224,76,103
3,11629,56,28
4,Q0109,24,91
1,M0152,67,107
4,Q0299,28,89
2,X0223,78,70
2,X0071,86,10
1,11692,65,19
1,11683,76,67
1,11692,65,25
4,Q0047,32,82
1,11263,71,105
4,11632,35,33
3,B0074,54,53
1,11518,70,48
2,X0183,78,69
5,11201,63,82
4,11371,34,73
4,10608,34,68
3,B0346,56,89
3,11621,42,62
3,B0135,55,19
1,M0191,74,106
2,X0133,80,80
1,11263,71,95
1,10222,66,99
4,Q0084,32,84
4,Q0023,33,70
2,X0133,80,78
2,11689,81,39
1,11485,74,103
1,10463,75,34
1,11634,73,64
3,10788,46,7
3,11412,43,83
3,B0185,51,78
3,B0363,46,75
4,Q0271,33,75
1,10139,74,97
2,X0035,77,14
1,M0248,70,97
3,11630,57,77
1,10007,66,22
2,X0156,81,31
3,B0384,45,77
1,M0078,68,111
2,10071,84,84
3,B0365,43,5
1,M0093,72,90
5,S0026,64,2
3,B0172,46,44
2,11676,82,38
1,M0152,67,58
3,B0177,43,63
5,10298,63,78
4,11528,37,42
1,11634,73,62
4,11688,32,1
3,B0245,46,20
2,X0133,81,99
5,10010,64,68
1,11530,71,102
3,11374,60,91
3,11427,53,82
4,Q0025,23,91
2,10075,84,59
1,10405,70,5
5,S0001,61,60
3,00038,58,85
4,11637,37,81
1,M0143,70,103
3,B0301,49,70
1,00019,75,104
4,Q0249,36,83
2,X0032,80,36
1,M0144,67,104
4,Q0073,25,69
3,B0331,43,86
4,11388,32,25
1,10520,70,104
2,X0008,77,1
2,11682,79,79
3,11478,55,8
1,00016,66,48
3,B0369,55,11
3,B0110,44,88
1,M0111,74,102
4,Q0239,25,60
1,10548,66,97
1,M0018,76,95
3,B0003,52,49
3,11229,43,87
3,B0117,56,7
1,M0012,65,82
2,X0028,87,97
4,Q0023,33,68
5,11647,62,13
4,11653,30,54
1,11474,71,108
2,X0017,80,29
2,X0034,83,15
2,X0082,87,55
1,10943,69,109
1,11508,72,95
2,10075,84,58
4,11164,33,17
4,Q0098,25,71
5,11647,62,14
1,M0073,65,73
3,11450,55,67
2,10346,86,68
1,M0064,68,101
3,B0386,42,76
3,B0003,52,50
4,Q0092,29,75
1,10569,69,106
1,M0067,68,113
1,M0215,70,105
3,B0374,60,90
2,11689,81,40
1,10759,74,107
4,Q0048,40,58
4,11110,29,7
5,S0032,62,85
2,X0178,85,42
2,X0205,79,57
2,X0168,84,69
4,11636,35,29
1,11220,67,109
1,10726,67,103
3,B0074,54,48
2,X0062,85,83
1,M0245,66,96
4,Q0007,23,88
3,B0147,59,43
3,B0305,44,83
1,10222,66,105
4,Q0096,33,77
3,B0212,52,120
4,11110,24,90
4,11597,38,44
2,X0133,80,81
1,M0018,76,94
1,M0255,72,93
1,11485,74,95
1,M0026,69,97
1,M0248,70,96
3,11248,55,17
3,B0197,46,3
5,11595,63,11
4,11654,23,69
2,X0111,81,3
3,B0195,52,97
4,11686,31,86
1,11263,71,101
3,B0131,42,79
1,M0037,75,113
4,Q0100,26,80
3,11621,41,54
4,Q0294,38,68
1,M0144,75,96
1,M0050,76,100
2,X0191,79,55
2,X0062,87,35
5,11648,62,63
3,10984,41,99
1,M0121,70,98
1,M0082,72,85
4,Q0239,27,84
1,11532,68,109
4,11688,32,2
3,10785,57,99
3,B0266,49,68
3,B0337,43,65
2,X0071,86,65
3,11417,58,86
2,X0133,80,91
4,Q0023,33,71
5,10341,61,74
4,Q0136,26,84
1,10518,68,115
1,M0169,71,99
4,11186,38,66
1,11481,75,70
2,X0111,81,5
1,M0259,72,86
2,X0052,77,38
4,Q0301,34,65
5,10006,64,56
5,11441,61,6
1,11261,72,92
3,11414,57,6
3,B0258,57,101
1,M0248,70,95
1,10432,67,105
5,10010,64,64
1,M0177,76,102
1,10404,75,108
3,B0074,54,47
5,11639,63,7
5,S0031,63,80
1,M0317,70,2
5,10010,62,87
1,M0144,75,98
1,M0012,65,84
1,11657,74,24
4,11655,38,40
3,B0177,43,60
3,B0365,42,9
5,11505,61,79
5,11646,61,76
5,00067,61,72
5,10010,63,88
5,11171,61,75
3,B0001,44,89
4,Q0288,24,57
4,11110,29,8
3,B0369,55,12
1,11690,65,21
3,11118,59,32
5,10010,64,70
3,B0136,54,87
1,M0234,73,96
3,B0016,56,86
2,X0205,79,84
2,X0008,77,68
3,11624,52,102
4,11687,32,14
4,Q0213,37,48
4,Q0088,29,9
4,Q0296,23,19
4,Q0262,27,88
2,X0143,83,37
4,11655,24,70
3,11644,55,68
1,10759,73,106
1,00019,75,106
3,B0158,46,82
4,10203,34,71
1,11690,65,20
4,Q0098,25,75
1,10139,74,96
2,X0024,85,84
4,11388,32,28
4,Q0301,34,18
2,X0066,87,51
2,X0225,82,16
2,X0133,80,79
5,11441,61,78
5,S0001,61,73
3,11621,41,55
2,11682,79,71
5,S0052,61,57
2,X0081,86,72
2,X0093,78,47
1,11641,70,102
2,11631,80,76
3,10254,50,95
4,11652,37,50
3,11150,44,82
5,S0006,61,71
1,00016,66,102
5,11639,63,85
5,S0045,63,68
2,X0224,84,64
3,11231,57,93
3,B0250,43,82
3,11630,52,72
1,M0082,71,106
4,11636,35,22
3,B0242,51,82
3,B0314,64,92
5,S0026,64,58
1,11685,68,89
4,Q0128,37,88
2,00030,82,35
4,Q0057,31,84
1,11634,73,63
4,10203,30,77
4,11636,35,21
4,Q0249,36,47
2,X0178,85,85
4,11681,37,67
3,10984,41,96
2,10090,79,88
3,10217,41,92
2,11689,81,45
3,B0003,52,105
5,S0073,64,54
1,10148,68,105
1,11634,73,67
1,M0012,65,96
5,11595,63,12
1,10176,73,100
2,X0224,84,22
3,B0135,55,111
1,11457,76,91
4,Q0102,25,78
1,M0064,68,114
1,00007,66,26
2,X0008,77,65
2,X0071,86,4
1,M0135,69,110
3,11633,55,109
1,10932,75,109
2,10591,78,73
4,10735,24,88
4,Q0270,24,86
3,11421,58,1
4,Q0044,23,89
3,11492,55,106
2,11676,82,39
4,11388,32,22
5,S0050,61,77
3,B0197,46,1
3,11675,56,22
1,M0012,65,97
3,B0365,42,68
1,M0326,69,35
3,B0312,52,118
1,10139,66,103
4,Q0025,31,82
5,10010,64,66
2,10601,80,11
4,Q0250,24,84
3,10597,56,88
1,M0334,74,99
5,10027,64,57
1,M0082,72,80
1,10927,70,106
1,11508,72,94
4,11654,38,32
3,11644,55,65
3,11630,52,113
1,11641,70,74
3,B0110,44,81
4,Q0199,35,63
4,Q0185,25,74
5,11441,61,64
4,Q0288,29,5
2,X0041,77,81
4,00060,28,84
2,X0071,86,3
2,X0141,77,43
4,11628,37,78
4,Q0301,34,72
3,B0069,50,102
2,X0066,87,101
1,11194,76,78
4,10566,39,56
1,11287,66,51
1,11529,67,113
3,11433,54,83
4,11688,32,8
1,11642,68,46
1,11530,71,94
3,B0312,52,124
2,11581,81,51
4,10453,39,55
4,11687,29,2
2,X0034,83,6
4,Q0148,34,70
1,10569,69,114
4,Q0216,35,64
4,Q0270,24,78
3,B0375,47,23
4,11611,27,34
1,10759,73,107
1,M0326,67,87
4,11635,39,54
2,11496,78,71
2,X0024,85,66
5,10010,63,90
5,S0059,62,78
3,B0363,46,76
4,11635,39,2
3,11246,51,5
2,X0111,78,72
5,S0011,63,76
2,X0034,83,16
4,11637,37,10
4,Q0296,23,87
3,B0275,56,85
3,B0365,43,74
4,Q0109,29,76
5,10636,61,67
3,B0014,59,89
1,M0082,71,104
4,Q0131,29,77
3,10557,57,105
1,00007,66,106
1,10569,69,112
1,00028,72,81
2,X0101,80,69
1,10726,75,64
1,10726,67,111
3,B0306,56,92
3,11454,41,95
1,11642,68,44
3,B0080,47,72
1,M0018,73,95
4,Q0228,27,85
2,X0183,79,87
2,X0076,87,8
1,M0195,75,114
4,00055,29,73
4,11655,38,69
4,Q0247,28,82
4,11528,37,41
4,Q0315,23,92
4,Q0090,26,85
1,11657,74,22
1,10433,65,98
4,11597,38,37
1,11642,68,39
1,M0100,73,94
3,B0205,52,114
3,10966,53,89
1,11220,75,107
3,B0314,49,71
4,Q0249,36,48
2,X0092,86,70
2,X0062,87,34
1,M0106,72,96
3,11424,49,69
1,10463,75,35
2,X0093,86,69
4,11628,37,23
1,10943,69,81
3,11421,43,67
2,11689,81,41
4,Q0270,27,12
3,B0133,44,84
1,M0144,75,97
1,M0152,67,47
1,11685,68,91
4,Q0211,37,85
3,B0396,52,121
3,B0142,50,98
1,00019,75,105
3,B0225,43,57
3,11644,55,110
3,11448,55,105
3,11148,47,44
4,Q0270,24,46
2,X0032,80,68
1,M0152,75,99
2,X0071,86,9
4,11653,30,76
3,B0096,45,78
3,10839,53,58
4,Q0248,25,76
3,B0187,52,107
3,B0195,52,96
2,X0192,79,90
4,11688,32,7
4,11112,37,24
1,10569,69,103
2,X0087,86,28
2,10210,87,98
2,11574,82,45
3,B0144,42,82
4,11668,37,19
4,Q0036,24,64
2,X0131,79,56
1,11650,75,44
1,10547,66,94
1,00012,69,115
3,B0195,52,98
5,10010,63,86
2,10859,83,89
2,11243,81,77
1,11685,68,90
4,Q0119,24,89
3,B0387,44,93
2,X0219,82,115
3,B0177,43,85
4,Q0097,29,14
4,Q0139,36,74
1,M0326,69,31
4,Q0076,23,90
2,X0035,77,79
2,X0108,77,30
3,11633,55,112
3,B0365,43,78
4,Q0220,37,84
1,M0171,73,99
4,11438,30,73
4,Q0296,31,31
3,11535,50,103
1,M0231,67,16
3,B0027,53,85
2,X0034,83,11
4,Q0180,30,80
4,Q0201,25,79
1,11650,75,47
4,Q0228,25,62
3,11280,56,34
4,Q0225,27,86
5,10298,63,77
3,10842,53,87
1,11530,71,107
3,10597,56,87
4,Q0128,37,11
3,B0196,45,80
2,X0019,84,82
3,B0003,52,51
3,B0258,57,100
1,M0144,67,30
4,Q0220,37,45
1,M0023,74,100
4,11652,28,6
1,11690,65,27
4,Q0108,33,78
4,11653,34,50
3,11150,42,75
5,10417,64,59
1,M0019,66,95
3,B0186,56,91
5,11617,63,79
2,X0076,87,7
2,X0130,81,37
3,B0354,50,106
3,11148,47,39
3,11421,43,68
4,Q0121,36,79
1,10405,70,6
3,B0313,59,90
3,B0106,45,76
4,11687,29,1
3,B0134,57,102
2,11466,87,54
1,11533,68,110
4,Q0275,27,83
5,S0035,64,55
5,S0022,64,61
4,Q0099,28,81
4,11284,36,72
3,B0058,46,83
2,X0131,84,38
3,11633,55,7
3,B0195,52,47
2,11689,81,43
4,Q0191,39,53
1,10516,66,98
1,M0248,70,94
3,B0147,59,88
2,X0224,84,65
3,B0113,50,36
4,00055,29,17
2,X0024,85,65
3,B0067,55,113
2,00030,82,32
3,B0365,42,77
4,Q0213,28,14
3,B0024,59,79
3,10295,44,90
1,M0248,70,109
5,10013,64,63
2,X0138,81,94
1,11620,72,87
3,B0247,52,109
1,10251,72,91
5,11647,62,79
3,11148,47,74
1,00028,72,84
1,M0262,74,40
2,10690,78,44
4,10585,38,65
4,Q0238,30,74
4,Q0111,36,75
4,Q0226,25,72
3,11675,56,23
2,X0156,81,32
4,11653,34,49
4,10864,36,73
2,X0052,86,37
3,11621,41,98
3,11621,42,81
3,B0236,44,5
4,Q0144,26,82
4,Q0064,23,93
4,Q0234,28,87
3,B0126,50,99
1,11481,67,110
5,11647,62,19
4,Q0210,38,64
4,11640,30,81
3,B0079,59,78
1,11592,65,41
1,11481,75,77
1,11634,76,29
4,11104,29,79
5,S0071,61,68
2,X0034,83,13
2,X0082,87,62
1,M0152,67,33
2,11373,82,119
1,M0064,68,95
4,Q0073,25,6
4,11157,37,87
4,Q0225,28,85
4,Q0270,27,13
1,11481,75,81
4,Q0047,32,83
1,10142,74,105
1,M0082,71,103
5,S0052,63,89
5,11292,63,81
2,X0082,87,61
4,Q0096,29,80
4,10609,34,69
1,10176,73,101
4,11686,31,49
1,M0018,76,93
5,11171,61,51
5,11595,63,84
3,11644,55,70
3,11440,51,87
5,S0001,61,33
3,11630,52,73
4,Q0145,36,65
3,B0247,52,126
3,B0396,52,123
1,M0078,68,112
4,Q0249,36,46
5,10181,62,86
5,10008,62,83
2,X0024,85,64
4,11112,37,80
2,X0133,80,77
4,11632,35,6
4,11597,38,46
1,11690,65,18
2,10817,79,62
3,B0136,54,86
1,11683,76,65
1,M0248,70,99
2,11689,81,44
1,10927,70,107
3,B0093,53,83
2,X0080,87,102
3,11188,52,117
4,Q0248,27,33
3,11629,56,27
3,11633,55,10
2,X0178,84,52
1,11641,70,110
4,Q0248,27,32
5,10417,64,60
2,11682,79,70
4,Q0048,40,59
1,M0111,74,101
1,11474,71,96
4,Q0005,33,79
1,M0192,75,110
1,10438,69,111
1,M0129,76,46
3,B0027,53,86
3,B0238,52,110
2,X0020,78,68
1,M0012,65,95
1,00012,67,83
2,11466,87,56
1,10405,70,108
1,M0265,66,101
2,X0189,79,21
1,10148,68,106
4,Q0178,31,85
3,B0133,44,91
3,B0237,50,96
1,11634,73,104
1,M0144,67,45
3,B0365,43,32
4,Q0124,36,82
4,10731,34,66
2,11574,82,44
3,11644,55,78
3,B0272,54,82
3,B0255,41,97
3,11537,55,107
4,Q0266,24,85
3,11190,53,88
3,B0348,64,99
3,B0177,43,62
4,11110,29,6
3,B0142,50,101
2,X0032,80,34
4,11688,32,80
2,00030,82,33
2,X0035,77,13
2,11689,81,46
3,11107,58,45
4,Q0304,38,70
4,Q0233,28,83
4,Q0124,36,80
2,X0112,79,64
3,B0375,47,22
1,00001,76,96
1,M0231,67,14
3,B0216,52,112
1,11683,76,69
1,M0224,76,90
4,10343,30,82
1,M0026,69,94
3,10967,55,90
4,Q0085,26,83
1,11518,70,49
1,M0132,70,53
1,11481,75,80
4,Q0234,28,88
5,S0058,61,66
3,B0265,57,103
1,11263,71,26
1,M0152,67,48
4,Q0303,35,15
1,10547,66,23
4,Q0303,35,25
1,11587,75,27
1,10926,70,65
2,X0095,80,45
2,11456,83,88
1,M0107,67,106
1,10297,65,52
2,X0095,80,49
2,X0095,80,46
1,M0091,71,28
2,X0095,80,51
1,M0289,69,113
3,10580,50,66
3,B0337,43,84
3,11734,47,14
3,11735,46,80
1,M0032,68,23
3,B0262,51,34
3,B0256,51,17
4,10734,23,55
4,Q0149,40,50
3,10674,47,38
4,11767,35,18
4,Q0198,30,46
4,Q0149,40,18
2,X0150,84,56
3,11735,46,13
1,11743,74,61
1,M0262,74,45
4,11767,35,17
3,B0256,49,32
2,X0150,84,41
3,10580,50,48
3,B0396,52,119
3,B0071,41,22
3,B0262,49,66
3,B0071,41,28
3,11734,47,13
4,00063,23,79
3,B0317,42,30
3,B0071,41,27
4,Q0149,40,60
4,10134,34,19
3,B0317,42,28
3,11566,57,98
1,11743,74,62
3,B0086,47,9
4,10135,40,55
4,00063,23,77
3,10967,55,97
3,11175,47,73
3,B0262,51,6
3,10580,50,65
4,11742,23,53
3,B0333,54,33
4,10590,32,42
4,00063,23,78
1,M0032,68,38
4,11742,23,54
1,M0178,74,76
1,11743,74,53
3,B0071,41,43
2,X0017,80,88
1,M0032,68,24
2,X0150,84,55
1,M0178,74,72
3,B0336,60,24
3,10580,50,71
3,B0349,47,16
4,Q0303,35,16
3,B0262,49,2
3,10580,50,105
4,00063,23,76
1,11482,70,70
1,M0313,74,93
3,11734,47,8
3,B0131,42,55
3,10674,47,61
1,M0032,68,29
3,10580,50,68
3,11752,54,41
4,Q0225,28,55
2,X0098,78,56
4,Q0228,27,41
4,10134,34,12
3,B0317,42,27
3,B0387,42,25
1,M0178,74,73
3,B0302,60,23
3,B0317,42,29
1,11481,75,69
1,M0313,74,94
1,11743,74,71
2,X0098,78,55
3,10580,50,63
3,B0076,41,3
1,M0032,68,22
4,Q0009,35,28
3,B0317,42,31
4,Q0275,24,65
3,10674,47,60
4,Q0050,32,18
3,B0340,54,25
4,Q0258,23,86
1,M0128,74,98
3,10580,50,61
3,11735,46,14
3,11752,54,43
2,X0150,84,40
1,M0178,74,74
3,B0262,49,12
3,11735,46,15
4,10135,40,54
3,10580,50,64
1,10726,75,59
3,B0071,41,21
3,10580,50,70
3,B0384,46,77
3,11734,47,15
4,10134,34,20
2,X0150,84,54
4,10134,34,21
3,B0071,41,23
3,11734,47,7
3,10674,47,62
1,M0178,74,75
